Ld,sigma,Gain,BW,Power
7.999999968033578e-11,0.9999985694885254,3.724771499633789,14659203072.0,0.025121474638581276
8.05005020976246e-11,0.9999985694885254,3.7373595237731934,14650949632.0,0.025122934952378273
8.100099757601953e-11,0.9999985694885254,3.7499473094940186,14642692096.0,0.02512439712882042
8.150149999330836e-11,0.9999985694885254,3.7625350952148438,14634428416.0,0.025125863030552864
8.200200241059719e-11,0.9999985694885254,3.77512264251709,14626168832.0,0.025127317756414413
8.250250482788601e-11,0.9999985694885254,3.7878198623657227,14618326016.0,0.025128670036792755
8.300300030628094e-11,0.9999985694885254,3.800853729248047,14611808256.0,0.025129659101366997
8.350350272356977e-11,0.9999985694885254,3.8138885498046875,14605283328.0,0.025130651891231537
8.40040051408586e-11,0.9999985694885254,3.8269236087799072,14598760448.0,0.02513163536787033
8.450450755814742e-11,0.9999985694885254,3.8399581909179688,14592247808.0,0.02513262815773487
8.500500303654235e-11,0.9999985694885254,3.8529937267303467,14585714688.0,0.02513362281024456
8.550550545383118e-11,0.9999985694885254,3.8660266399383545,14579191808.0,0.025134610012173653
8.600600787112e-11,0.9999985694885254,3.8790621757507324,14572668928.0,0.025135599076747894
8.650650334951493e-11,0.9999985694885254,3.892097234725952,14566150144.0,0.025136591866612434
8.700700576680376e-11,0.9999985694885254,3.9051311016082764,14559624192.0,0.025137584656476974
8.750750818409259e-11,0.9999985694885254,3.9183990955352783,14553393152.0,0.025138186290860176
8.800801060138141e-11,0.9999985694885254,3.9316906929016113,14547185664.0,0.025138752534985542
8.850850607977634e-11,0.9999985694885254,3.944981098175049,14540995584.0,0.02513931877911091
8.900900849706517e-11,0.9999985694885254,3.958272933959961,14534794240.0,0.025139877572655678
8.9509510914354e-11,0.9999985694885254,3.9715652465820312,14528589824.0,0.025140441954135895
9.001001333164282e-11,0.9999985694885254,3.980769634246826,14523685888.0,0.025141999125480652
9.051050881003775e-11,0.9999985694885254,3.989068031311035,14519062528.0,0.025143787264823914
9.101101122732658e-11,0.9999985694885254,3.997361421585083,14514442240.0,0.025145571678876877
9.15115136446154e-11,0.9999985694885254,4.0056586265563965,14509826048.0,0.02514735981822014
9.201200912301033e-11,0.9999985694885254,4.012716293334961,14505465856.0,0.025149118155241013
9.251251154029916e-11,0.9999985694885254,4.019501686096191,14501161984.0,0.02515086531639099
9.301301395758799e-11,0.9999985694885254,4.026345252990723,14497083392.0,0.0251527838408947
9.351351637487682e-11,0.9999985694885254,4.033443927764893,14493977600.0,0.025155358016490936
9.401401185327174e-11,0.9999985694885254,4.040543079376221,14490861568.0,0.02515794150531292
9.451451427056057e-11,0.9999985694885254,4.047642230987549,14487760896.0,0.025160521268844604
9.50150166878494e-11,0.9999985694885254,4.054739952087402,14484656128.0,0.02516310103237629
9.551551216624432e-11,0.9999985694885254,4.062685012817383,14482780160.0,0.025164984166622162
9.601601458353315e-11,0.9999985694885254,4.071375846862793,14481992704.0,0.025166265666484833
9.651651700082198e-11,0.9999985694885254,4.08006477355957,14481202176.0,0.0251675546169281
9.70170194181108e-11,0.9999985694885254,4.088756561279297,14480415744.0,0.025168830528855324
9.751751489650573e-11,0.9999985694885254,4.097569942474365,14479610880.0,0.02517009526491165
9.801801731379456e-11,0.9999985694885254,4.106407642364502,14478785536.0,0.025171348825097084
9.851851973108339e-11,0.9999985694885254,4.112839221954346,14477101056.0,0.025172583758831024
9.901902214837222e-11,0.9999985694885254,4.115569114685059,14474579968.0,0.025173529982566833
9.951951762676714e-11,0.9999985694885254,4.118301868438721,14472068096.0,0.02517448365688324
1.0002002004405597e-10,0.9999985694885254,4.12103271484375,14469545984.0,0.025175414979457855
1.005205224613448e-10,0.9999985694885254,4.1237616539001465,14467023872.0,0.02517636865377426
1.0102101793973972e-10,0.9999986886978149,4.12649393081665,14464506880.0,0.025177307426929474
1.0152152035702855e-10,0.9999986886978149,4.129225254058838,14461986816.0,0.025178249925374985
1.0202202277431738e-10,0.9999986886978149,4.131956577301025,14459472896.0,0.025179188698530197
1.025225251916062e-10,0.9999986886978149,4.134687423706055,14456952832.0,0.025180134922266006
1.0302302067000113e-10,0.9999986886978149,4.137482166290283,14454529024.0,0.02518102154135704
1.0352352308728996e-10,0.9999986886978149,4.140463829040527,14452418560.0,0.025181716307997704
1.0402402550457879e-10,0.9999986886978149,4.143448352813721,14450289664.0,0.02518242411315441
1.0452452792186762e-10,0.9999986886978149,4.146430492401123,14448164864.0,0.02518312819302082
1.0502502340026254e-10,0.9999986886978149,4.149414539337158,14446053376.0,0.025183826684951782
1.0552552581755137e-10,0.9999986886978149,4.152444362640381,14443984896.0,0.02518456242978573
1.060260282348402e-10,0.9999986886978149,4.156464099884033,14443020288.0,0.025185979902744293
1.0652652371323512e-10,0.9999986886978149,4.160480976104736,14442055680.0,0.025187399238348007
1.0702702613052395e-10,0.9999986886978149,4.164499759674072,14441084928.0,0.025188807398080826
1.0752752854781278e-10,0.9999986886978149,4.162871837615967,14439019520.0,0.02518724650144577
1.0802803096510161e-10,0.9999986886978149,4.159201145172119,14435470336.0,0.02518507093191147
1.0852852644349653e-10,0.9999986886978149,4.154273986816406,14429304832.0,0.025184184312820435
1.0902902886078536e-10,0.9999986886978149,4.14934778213501,14423138304.0,0.025183293968439102
1.0952953127807419e-10,0.9999986886978149,4.144421100616455,14416968704.0,0.025182394310832024
1.1003002675646911e-10,0.9999986886978149,4.139495372772217,14410801152.0,0.025181513279676437
1.1053052917375794e-10,0.9999986886978149,4.134566783905029,14404628480.0,0.025180626660585403
1.1103103159104677e-10,0.9999986886978149,4.129640102386475,14398459904.0,0.025179734453558922
1.115315340083356e-10,0.9999986886978149,4.124715805053711,14392299520.0,0.02517884597182274
1.1203202948673052e-10,0.9999986886978149,4.11978816986084,14386124800.0,0.025177955627441406
1.1253253190401935e-10,0.9999986886978149,4.114859580993652,14379960320.0,0.025177059695124626
1.1303303432130818e-10,0.9999986886978149,4.109454154968262,14374010880.0,0.02517620474100113
1.1353353673859701e-10,0.9999986886978149,4.097891807556152,14370954240.0,0.025175713002681732
1.1403403221699193e-10,0.9999986886978149,4.08632755279541,14367886336.0,0.025175224989652634
1.1453453463428076e-10,0.9999986886978149,4.074764251708984,14364819456.0,0.025174733251333237
1.1503503705156959e-10,0.9999986886978149,4.063200950622559,14361758720.0,0.025174235925078392
1.1553553252996451e-10,0.9999986886978149,4.051637649536133,14358700032.0,0.025173747912049294
1.1603603494725334e-10,0.9999986886978149,4.040073871612549,14355647488.0,0.025173258036375046
1.1653653042564827e-10,0.9999986886978149,4.028512001037598,14352578560.0,0.0251727644354105
1.170370328429371e-10,0.9999986886978149,4.016947269439697,14349516800.0,0.025172274559736252
1.1753753526022592e-10,0.9999986886978149,4.005383491516113,14346463232.0,0.025171782821416855
1.1803803767751475e-10,0.9999986886978149,3.993819236755371,14343401472.0,0.025171298533678055
1.1853854009480358e-10,0.9999986886978149,3.98225474357605,14340339712.0,0.02517080307006836
1.190390425120924e-10,0.9999986886978149,3.970691442489624,14337275904.0,0.025170307606458664
1.1953954492938124e-10,0.9999986886978149,3.9591293334960938,14334203904.0,0.025169819593429565
1.2004003346888226e-10,0.9999986886978149,3.947564125061035,14331149312.0,0.025169329717755318
1.2054053588617109e-10,0.9999988079071045,3.9360008239746094,14328094720.0,0.025168834254145622
1.2104103830345991e-10,0.9999988079071045,3.924436569213867,14325030912.0,0.025168342515826225
1.2154154072074874e-10,0.9999988079071045,3.912874460220337,14321967104.0,0.025167852640151978
1.2204204313803757e-10,0.9999988079071045,3.9013102054595947,14318905344.0,0.025167366489768028
1.225425455553264e-10,0.9999988079071045,3.8897459506988525,14315843584.0,0.025166867300868034
1.2304304797261523e-10,0.9999988079071045,3.878181219100952,14312790016.0,0.025166375562548637
1.2354355038990406e-10,0.9999988079071045,3.8666181564331055,14309716992.0,0.025165889412164688
1.2404403892940508e-10,0.9999988079071045,3.8550567626953125,14306666496.0,0.025165392085909843
1.245445413466939e-10,0.9999988079071045,3.843491792678833,14303603712.0,0.025164902210235596
1.2504504376398273e-10,0.9999988079071045,3.8319263458251953,14300538880.0,0.025164417922496796
1.2554554618127156e-10,0.9999988079071045,3.8203659057617188,14297483264.0,0.0251639224588871
1.260460485985604e-10,0.9999988079071045,3.8088016510009766,14294417408.0,0.025163426995277405
1.2654655101584922e-10,0.9999988079071045,3.797238349914551,14291349504.0,0.025162940844893456
1.2704705343313805e-10,0.9999988079071045,3.7856738567352295,14288297984.0,0.02516244538128376
1.2754754197263907e-10,0.9999988079071045,3.774109363555908,14285229056.0,0.025161955505609512
1.280480443899279e-10,0.9999988079071045,3.762544631958008,14282168320.0,0.025161461904644966
1.2854854680721672e-10,0.9999988079071045,3.7509827613830566,14279108608.0,0.02516097202897072
1.2904904922450555e-10,0.9999988079071045,3.7394187450408936,14276048896.0,0.02516048587858677
1.2954955164179438e-10,0.9999988079071045,3.7278552055358887,14272993280.0,0.025159990414977074
1.300500540590832e-10,0.9999988079071045,3.7143266201019287,14272405504.0,0.025159109383821487
1.3055055647637204e-10,0.9999988079071045,3.6998116970062256,14273073152.0,0.025158042088150978
1.3105104501587306e-10,0.9999988079071045,3.679243803024292,14275629056.0,0.025156743824481964
1.3155154743316189e-10,0.9999988079071045,3.6563684940338135,14279116800.0,0.025155432522296906
1.3205204985045071e-10,0.9999988079071045,3.6335337162017822,14282724352.0,0.025154149159789085
1.3255255226773954e-10,0.9999988079071045,3.610698699951172,14286333952.0,0.025152873247861862
1.3305305468502837e-10,0.9999988079071045,3.587864875793457,14289942528.0,0.02515159547328949
1.335535571023172e-10,0.9999988079071045,3.5650296211242676,14293545984.0,0.025150317698717117
1.3405405951960603e-10,0.9999988079071045,3.542196035385132,14297153536.0,0.025149032473564148
1.3455454805910705e-10,0.9999988079071045,3.5193629264831543,14300762112.0,0.025147762149572372
1.3505505047639588e-10,0.9999988079071045,3.4965271949768066,14304375808.0,0.0251464881002903
1.355555528936847e-10,0.9999988079071045,3.473693609237671,14307983360.0,0.02514520287513733
1.3605605531097353e-10,0.9999988079071045,3.4525718688964844,14311948288.0,0.02514328807592392
1.3655655772826236e-10,0.9999988079071045,3.4328529834747314,14316212224.0,0.025140849873423576
1.370570601455512e-10,0.9999988079071045,3.413133382797241,14320482304.0,0.025138404220342636
1.3755756256284002e-10,0.9999988079071045,3.3934147357940674,14324748288.0,0.025135964155197144
1.3805806498012885e-10,0.9999988079071045,3.373694658279419,14329020416.0,0.025133520364761353
1.3855855351962987e-10,0.9999988079071045,3.353975296020508,14333280256.0,0.02513108029961586
1.390590559369187e-10,0.9999988079071045,3.3342573642730713,14337544192.0,0.02512863650918007
1.3955955835420752e-10,0.9999988079071045,3.315671920776367,14341552128.0,0.025125987827777863
1.4006006077149635e-10,0.9999988079071045,3.2978932857513428,14345367552.0,0.02512318454682827
1.4056056318878518e-10,0.999998927116394,3.2801151275634766,14349184000.0,0.025120388716459274
1.41061065606074e-10,0.999998927116394,3.262338161468506,14353006592.0,0.02511759288609028
1.4156156802336284e-10,0.999998927116394,3.2445576190948486,14356823040.0,0.025114795193076134
1.4206205656286386e-10,0.999998927116394,3.2267818450927734,14360635392.0,0.02511199191212654
1.425625589801527e-10,0.999998927116394,3.20900559425354,14364452864.0,0.025109201669692993
1.4306306139744152e-10,0.999998927116394,3.191810369491577,14368346112.0,0.025106526911258698
1.4356356381473034e-10,0.999998927116394,3.175852060317993,14372405248.0,0.025104109197854996
1.4406406623201917e-10,0.999998927116394,3.159975290298462,14375664640.0,0.025101490318775177
1.44564568649308e-10,0.999998927116394,3.14418625831604,14378110976.0,0.025098655372858047
1.4506507106659683e-10,0.999998927116394,3.1283981800079346,14380560384.0,0.025095820426940918
1.4556555960609785e-10,0.999998927116394,3.1143057346343994,14382227456.0,0.025094281882047653
1.4606606202338668e-10,0.999998927116394,3.10054874420166,14383755264.0,0.02509300969541073
1.465665644406755e-10,0.999998927116394,3.087454319000244,14385742848.0,0.025091826915740967
1.4706706685796433e-10,0.999998927116394,3.074463367462158,14387807232.0,0.025090651586651802
1.4756756927525316e-10,0.999998927116394,3.0614724159240723,14389885952.0,0.025089476257562637
1.48068071692542e-10,0.999998927116394,3.048482656478882,14391952384.0,0.025088299065828323
1.4856857410983082e-10,0.999998927116394,3.035492420196533,14394017792.0,0.025087127462029457
1.4906906264933184e-10,0.999998927116394,3.022608518600464,14396032000.0,0.025086024776101112
1.4956956506662067e-10,0.999998927116394,3.011700391769409,14396901376.0,0.025086218491196632
1.500700674839095e-10,0.999998927116394,3.000793695449829,14397762560.0,0.02508641593158245
1.5057056990119833e-10,0.999998927116394,2.989889144897461,14398617600.0,0.025086617097258568
1.5107107231848715e-10,0.999998927116394,2.978982925415039,14399475712.0,0.02508680894970894
1.5157157473577598e-10,0.999998927116394,2.968076705932617,14400343040.0,0.025087004527449608
1.520720771530648e-10,0.999998927116394,2.957123279571533,14401161216.0,0.02508722059428692
1.5257256569256583e-10,0.999998927116394,2.9461512565612793,14401947648.0,0.025087442249059677
1.5307306810985466e-10,0.999998927116394,2.9352245330810547,14402785280.0,0.02508760616183281
1.535735705271435e-10,0.999998927116394,2.9243342876434326,14403651584.0,0.025087738409638405
1.5407407294443232e-10,0.999998927116394,2.9134409427642822,14404525056.0,0.025087861344218254
1.5457457536172114e-10,0.999998927116394,2.9025537967681885,14405392384.0,0.025087980553507805
1.5507507777900997e-10,0.999998927116394,2.8916616439819336,14406260736.0,0.025088105350732803
1.555755801962988e-10,0.999998927116394,2.880770444869995,14407137280.0,0.025088228285312653
1.5607608261358763e-10,0.999998927116394,2.8698787689208984,14408007680.0,0.02508835308253765
1.5657657115308865e-10,0.999998927116394,2.8589892387390137,14408871936.0,0.025088481605052948
1.5707707357037748e-10,0.999998927116394,2.8480987548828125,14409738240.0,0.0250886008143425
1.575775759876663e-10,0.999998927116394,2.8372087478637695,14410610688.0,0.025088723748922348
1.5807807840495514e-10,0.999998927116394,2.826317548751831,14411483136.0,0.025088846683502197
1.5857858082224396e-10,0.999998927116394,2.8154244422912598,14412345344.0,0.025088971480727196
1.590790832395328e-10,0.999998927116394,2.804534435272217,14413215744.0,0.025089090690016747
1.5957958565682162e-10,0.999998927116394,2.793645143508911,14414081024.0,0.025089217349886894
1.6008007419632264e-10,0.999998927116394,2.782752513885498,14414954496.0,0.025089338421821594
1.6058057661361147e-10,0.9999990463256836,2.771862268447876,14415822848.0,0.02508946880698204
1.610810790309003e-10,0.9999990463256836,2.7609715461730957,14416691200.0,0.025089586153626442
1.6158158144818913e-10,0.9999990463256836,2.7500808238983154,14417559552.0,0.02508970908820629
1.6208208386547795e-10,0.9999990463256836,2.739189624786377,14418423808.0,0.02508983016014099
1.6258258628276678e-10,0.9999990463256836,2.728299856185913,14419301376.0,0.025089962407946587
1.630830887000556e-10,0.9999990463256836,2.717406749725342,14420166656.0,0.025090079754590988
1.6358357723955663e-10,0.9999990463256836,2.7065184116363525,14421047296.0,0.025090200826525688
1.6408407965684546e-10,0.9999990463256836,2.695626974105835,14421897216.0,0.025090327486395836
1.645845820741343e-10,0.9999990463256836,2.684736728668213,14422775808.0,0.025090456008911133
1.6508508449142312e-10,0.9999990463256836,2.6738455295562744,14423646208.0,0.025090573355555534
1.6558558690871195e-10,0.9999990463256836,2.662954330444336,14424514560.0,0.02509070187807083
1.6608608932600077e-10,0.9999990463256836,2.652064085006714,14425381888.0,0.02509082481265068
1.665865917432896e-10,0.9999990463256836,2.6411728858947754,14426251264.0,0.02509094402194023
1.6708708028279062e-10,0.9999990463256836,2.630279779434204,14427115520.0,0.02509106509387493
1.6758758270007945e-10,0.9999990463256836,2.619391679763794,14427987968.0,0.02509119175374508
1.6808808511736828e-10,0.9999990463256836,2.608501672744751,14428851200.0,0.025091318413615227
1.685885875346571e-10,0.9999990463256836,2.5976104736328125,14429730816.0,0.025091437622904778
1.6908908995194594e-10,0.9999990463256836,2.586718797683716,14430601216.0,0.025091558694839478
1.6958959236923477e-10,0.9999990463256836,2.5758254528045654,14431467520.0,0.025091683492064476
1.700900947865236e-10,0.9999990463256836,2.564936399459839,14432337920.0,0.025091812014579773
1.7059059720381242e-10,0.9999990463256836,2.554046630859375,14433210368.0,0.025091933086514473
1.7109108574331344e-10,0.9999990463256836,2.5431554317474365,14434074624.0,0.025092056021094322
1.7159158816060227e-10,0.9999990463256836,2.5324459075927734,14435214336.0,0.025092199444770813
1.720920905778911e-10,0.9999990463256836,2.5217342376708984,14436364288.0,0.02509234845638275
1.7259259299517993e-10,0.9999990463256836,2.5110256671905518,14437496832.0,0.02509249746799469
1.7309309541246876e-10,0.9999990463256836,2.500314712524414,14438635520.0,0.02509264089167118
1.7359359782975758e-10,0.9999990463256836,2.489604949951172,14439779328.0,0.02509278617799282
1.740941002470464e-10,0.9999990463256836,2.478893518447876,14440912896.0,0.02509292960166931
1.7459458878654743e-10,0.9999990463256836,2.4681849479675293,14442055680.0,0.025093069300055504
1.7509509120383626e-10,0.9999990463256836,2.457474946975708,14443196416.0,0.025093218311667442
1.755955936211251e-10,0.9999990463256836,2.4467647075653076,14444326912.0,0.025093361735343933
1.7609609603841392e-10,0.9999990463256836,2.4360547065734863,14445469696.0,0.025093507021665573
1.7659659845570275e-10,0.9999990463256836,2.4253430366516113,14446616576.0,0.025093652307987213
1.7709710087299158e-10,0.9999990463256836,2.4146318435668945,14447756288.0,0.02509380131959915
1.775976032902804e-10,0.9999990463256836,2.403923988342285,14448891904.0,0.02509394660592079
1.7809809182978142e-10,0.9999990463256836,2.393211603164673,14450030592.0,0.02509409189224243
1.7859859424707025e-10,0.9999990463256836,2.3825020790100098,14451175424.0,0.02509423904120922
1.7909909666435908e-10,0.9999990463256836,2.3717541694641113,14452284416.0,0.02509423717856407
1.795995990816479e-10,0.9999990463256836,2.3609883785247803,14453387264.0,0.02509414590895176
1.8010010149893674e-10,0.9999990463256836,2.35022234916687,14454497280.0,0.025094054639339447
1.8060060391622557e-10,0.9999990463256836,2.339451551437378,14455597056.0,0.02509397268295288
1.811011063335144e-10,0.9999990463256836,2.3286828994750977,14456699904.0,0.025093888863921165
1.8160159487301542e-10,0.9999990463256836,2.3179173469543457,14457801728.0,0.02509380504488945
1.8210209729030424e-10,0.9999990463256836,2.3071486949920654,14458900480.0,0.025093717500567436
1.8260259970759307e-10,0.9999991655349731,2.2963805198669434,14460012544.0,0.025093629956245422
1.831031021248819e-10,0.9999991655349731,2.285613775253296,14461100032.0,0.025093549862504005
1.8360360454217073e-10,0.9999991655349731,2.2748475074768066,14462210048.0,0.02509346231818199
1.8410410695945956e-10,0.9999991655349731,2.264077663421631,14463307776.0,0.025093374773859978
1.8460460937674839e-10,0.9999991655349731,2.253310203552246,14464417792.0,0.025093290954828262
1.8510511179403721e-10,0.9999991655349731,2.2425425052642822,14465517568.0,0.025093205273151398
1.8560560033353823e-10,0.9999991655349731,2.2317750453948975,14466619392.0,0.02509312517940998
1.8610610275082706e-10,0.9999991655349731,2.221008539199829,14467723264.0,0.02509303390979767
1.866066051681159e-10,0.9999991655349731,2.210240364074707,14468823040.0,0.025092946365475655
1.8710710758540472e-10,0.9999991655349731,2.1994729042053223,14469926912.0,0.02509286068379879
1.8760761000269355e-10,0.9999991655349731,2.1887032985687256,14471028736.0,0.025092776864767075
1.8810811241998238e-10,0.9999991655349731,2.177936553955078,14472136704.0,0.02509269118309021
1.886086148372712e-10,0.9999991655349731,2.167168140411377,14473234432.0,0.025092603638768196
1.8910910337677223e-10,0.9999991655349731,2.1564013957977295,14474334208.0,0.02509251981973648
1.8960960579406105e-10,0.9999991655349731,2.1456334590911865,14475436032.0,0.025092430412769318
1.9011010821134988e-10,0.9999991655349731,2.134866952896118,14476541952.0,0.025092344731092453
1.906106106286387e-10,0.9999991655349731,2.1240999698638916,14477639680.0,0.02509225904941559
1.9111111304592754e-10,0.9999991655349731,2.113330841064453,14478747648.0,0.02509217895567417
1.9161161546321637e-10,0.9999991655349731,2.102565288543701,14479846400.0,0.025092095136642456
1.921121178805052e-10,0.9999991655349731,2.0917961597442627,14480948224.0,0.025092007592320442
1.9261260642000622e-10,0.9999991655349731,2.0810282230377197,14482050048.0,0.02509192004799843
1.9311310883729504e-10,0.9999991655349731,2.0702626705169678,14483150848.0,0.025091830641031265
1.9361361125458387e-10,0.9999991655349731,2.0594935417175293,14484256768.0,0.025091754272580147
1.941141136718727e-10,0.9999991655349731,2.0487256050109863,14485367808.0,0.025091661140322685
1.9461461608916153e-10,0.9999991655349731,2.0379559993743896,14486464512.0,0.02509157359600067
1.9511511850645036e-10,0.9999991655349731,2.0271894931793213,14487563264.0,0.025091495364904404
1.9561562092373919e-10,0.9999991655349731,2.016421318054199,14488666112.0,0.02509140595793724
1.961161094632402e-10,0.9999991655349731,2.0056538581848145,14489771008.0,0.02509131468832493
1.9661661188052904e-10,0.9999991655349731,1.9948874711990356,14490869760.0,0.025091232731938362
1.9711711429781786e-10,0.9999991655349731,1.9841164350509644,14491976704.0,0.025091147050261497
1.976176167151067e-10,0.9999991655349731,1.973350167274475,14493079552.0,0.025091061368584633
1.9811811913239552e-10,0.9999991655349731,1.9625844955444336,14494177280.0,0.025090979412198067
1.9861862154968435e-10,0.9999991655349731,1.9518173933029175,14495284224.0,0.025090890005230904
1.9911912396697318e-10,0.9999991655349731,1.9410492181777954,14496389120.0,0.025090809911489487
1.99619626384262e-10,0.9999991655349731,1.9302810430526733,14497478656.0,0.025090718641877174
2.0012011492376303e-10,0.9999991655349731,1.9195135831832886,14498590720.0,0.025090638548135757
2.0062061734105185e-10,0.9999991655349731,1.9087457656860352,14499690496.0,0.025090545415878296
2.0112111975834068e-10,0.9999991655349731,1.8979771137237549,14500797440.0,0.02509045973420143
2.016216221756295e-10,0.9999991655349731,1.8872095346450806,14501896192.0,0.025090381503105164
2.0212212459291834e-10,0.9999991655349731,1.8764439821243286,14503002112.0,0.025090284645557404
2.0262262701020717e-10,0.9999991655349731,1.865674376487732,14504097792.0,0.025090206414461136
2.03123129427496e-10,0.9999991655349731,1.8549082279205322,14505195520.0,0.02509012445807457
2.0362361796699702e-10,0.9999991655349731,1.8441412448883057,14506302464.0,0.025090035051107407
2.0412412038428585e-10,0.9999991655349731,1.8333710432052612,14507404288.0,0.025089947506785393
2.0462462280157467e-10,0.9999991655349731,1.8226044178009033,14508508160.0,0.025089865550398827
2.051251252188635e-10,0.9999991655349731,1.8118358850479126,14509613056.0,0.025089774280786514
2.0562562763615233e-10,0.9999991655349731,1.8010692596435547,14510710784.0,0.02508968859910965
2.0612613005344116e-10,0.9999991655349731,1.7903010845184326,14511820800.0,0.025089599192142487
2.0662663247073e-10,0.9999991655349731,1.7795320749282837,14512918528.0,0.025089524686336517
2.07127121010231e-10,0.9999992847442627,1.768764615058899,14514020352.0,0.025089433416724205
2.0762762342751984e-10,0.9999992847442627,1.7579971551895142,14515118080.0,0.025089353322982788
2.0812812584480866e-10,0.9999992847442627,1.7472280263900757,14516228096.0,0.025089260190725327
2.086286282620975e-10,0.9999992847442627,1.7364610433578491,14517330944.0,0.025089172646403313
2.0912913067938632e-10,0.9999992847442627,1.7256959676742554,14518428672.0,0.025089094415307045
2.0962963309667515e-10,0.9999992847442627,1.7149267196655273,14519535616.0,0.02508901059627533
2.1013013551396398e-10,0.9999992847442627,1.7041605710983276,14520639488.0,0.025088919326663017
2.10630624053465e-10,0.9999992847442627,1.6933923959732056,14521735168.0,0.025088833644986153
2.1113112647075383e-10,0.9999992847442627,1.6826221942901611,14522832896.0,0.025088747963309288
2.1163162888804266e-10,0.9999992847442627,1.6718558073043823,14523951104.0,0.025088660418987274
2.1213213130533148e-10,0.9999992847442627,1.6610878705978394,14525049856.0,0.02508857473731041
2.126326337226203e-10,0.9999992847442627,1.6503233909606934,14526144512.0,0.025088494643568993
2.1313313613990914e-10,0.9999992847442627,1.6395514011383057,14527245312.0,0.025088399648666382
2.1363363855719797e-10,0.9999992847442627,1.628786563873291,14528352256.0,0.025088315829634666
2.141341409744868e-10,0.9999992847442627,1.6180180311203003,14529459200.0,0.02508823573589325
2.1463462951398782e-10,0.9999992847442627,1.6072487831115723,14530553856.0,0.025088153779506683
2.1513513193127665e-10,0.9999992847442627,1.5964826345443726,14531663872.0,0.025088060647249222
2.1563563434856547e-10,0.9999992847442627,1.5857139825820923,14532755456.0,0.025087976828217506
2.161361367658543e-10,0.9999992847442627,1.5749461650848389,14533863424.0,0.025087891146540642
2.1663663918314313e-10,0.9999992847442627,1.564179539680481,14534963200.0,0.02508780173957348
2.1713714160043196e-10,0.9999992847442627,1.5534117221832275,14536065024.0,0.02508772350847721
2.176376440177208e-10,0.9999992847442627,1.5426430702209473,14537170944.0,0.025087635964155197
2.181381325572218e-10,0.9999992847442627,1.5318745374679565,14538266624.0,0.02508755587041378
2.1863863497451064e-10,0.9999992847442627,1.521108865737915,14539372544.0,0.025087464600801468
2.1913913739179947e-10,0.9999992847442627,1.510341763496399,14540480512.0,0.0250873863697052
2.196396398090883e-10,0.9999992847442627,1.4995720386505127,14541581312.0,0.02508729323744774
2.2014014222637712e-10,0.9999992847442627,1.4888056516647339,14542685184.0,0.025087205693125725
2.2064064464366595e-10,0.9999992847442627,1.4780378341674805,14543792128.0,0.02508712187409401
2.2114114706095478e-10,0.9999992847442627,1.4678409099578857,14544218112.0,0.025086887180805206
2.216416356004558e-10,0.9999992847442627,1.4584498405456543,14543708160.0,0.025086434558033943
2.2214213801774463e-10,0.9999992847442627,1.4490585327148438,14543194112.0,0.025085989385843277
2.2264264043503346e-10,0.9999992847442627,1.4396682977676392,14542676992.0,0.02508554421365261
2.2314314285232228e-10,0.9999992847442627,1.4302771091461182,14542159872.0,0.025085099041461945
2.2364364526961111e-10,0.9999992847442627,1.420885443687439,14541647872.0,0.02508465200662613
2.2414414768689994e-10,0.9999992847442627,1.4114949703216553,14541131776.0,0.025084204971790314
2.2464465010418877e-10,0.9999992847442627,1.402105450630188,14540614656.0,0.0250837504863739
2.251451386436898e-10,0.9999992847442627,1.392714023590088,14540107776.0,0.025083303451538086
2.2564564106097862e-10,0.9999992847442627,1.3833234310150146,14539593728.0,0.025082852691411972
2.2614614347826745e-10,0.9999992847442627,1.3739315271377563,14539079680.0,0.025082405656576157
2.2664664589555628e-10,0.9999992847442627,1.3645412921905518,14538564608.0,0.02508196234703064
2.271471483128451e-10,0.9999992847442627,1.3551526069641113,14538049536.0,0.025081509724259377
2.2764765073013393e-10,0.9999992847442627,1.3457610607147217,14537529344.0,0.02508106827735901
2.2814815314742276e-10,0.9999992847442627,1.3363722562789917,14537024512.0,0.025080619379878044
2.286486555647116e-10,0.9999992847442627,1.3269784450531006,14536507392.0,0.025080164894461632
2.291491441042126e-10,0.9999992847442627,1.3175894021987915,14535987200.0,0.025079723447561264
2.2964964652150144e-10,0.9999992847442627,1.3081977367401123,14535480320.0,0.02507927641272545
2.3015014893879027e-10,0.9999992847442627,1.298807978630066,14534965248.0,0.025078825652599335
2.306506513560791e-10,0.9999992847442627,1.2896040678024292,14534631424.0,0.025078345090150833
2.3115115377336792e-10,0.9999992847442627,1.2803959846496582,14534277120.0,0.02507786639034748
2.3165165619065675e-10,0.9999992847442627,1.2711889743804932,14533943296.0,0.025077389553189278
2.3215215860794558e-10,0.9999992847442627,1.261983036994934,14533601280.0,0.025076907128095627
2.326526471474466e-10,0.9999992847442627,1.2527776956558228,14533251072.0,0.025076422840356827
2.3315316344252324e-10,0.9999992847442627,1.243571400642395,14532911104.0,0.025075942277908325
2.3365365198202426e-10,0.9999992847442627,1.2343659400939941,14532573184.0,0.025075461715459824
2.341541405215253e-10,0.9999992847442627,1.2251595258712769,14532227072.0,0.02507498301565647
2.346546568166019e-10,0.9999992847442627,1.2159533500671387,14531887104.0,0.02507450059056282
2.3515514535610293e-10,0.9999994039535522,1.2067461013793945,14531545088.0,0.02507402002811432
2.3565566165117957e-10,0.9999994039535522,1.197540521621704,14531200000.0,0.025073543190956116
2.361561501906806e-10,0.9999994039535522,1.1883338689804077,14530861056.0,0.025073062628507614
2.3665666648575723e-10,0.9999994039535522,1.1791281700134277,14530521088.0,0.025072578340768814
2.3715715502525825e-10,0.9999994039535522,1.1699222326278687,14530177024.0,0.02507210150361061
2.376576713203349e-10,0.9999994039535522,1.1607142686843872,14529839104.0,0.02507161907851696
2.381581598598359e-10,0.9999994039535522,1.1515082120895386,14529490944.0,0.02507113665342331
2.386586483993369e-10,0.9999994039535522,1.142303228378296,14529148928.0,0.025070657953619957
2.3915916469441356e-10,0.9999994039535522,1.1330976486206055,14528803840.0,0.025070175528526306
2.396596532339146e-10,0.9999994039535522,1.1240376234054565,14528693248.0,0.025069814175367355
2.401601695289912e-10,0.9999994039535522,1.115225076675415,14528991232.0,0.02506965957581997
2.4066065806849224e-10,0.9999994039535522,1.1064035892486572,14529347584.0,0.025069423019886017
2.411611743635689e-10,0.9999994039535522,1.097576379776001,14529751040.0,0.02506914921104908
2.416616629030699e-10,0.9999994039535522,1.0887460708618164,14530144256.0,0.025068871676921844
2.421621514425709e-10,0.9999994039535522,1.079917550086975,14530532352.0,0.025068597868084908
2.4266266773764755e-10,0.9999994039535522,1.0710872411727905,14530924544.0,0.025068316608667374
2.4316315627714857e-10,0.9999994039535522,1.0622605085372925,14531321856.0,0.02506803534924984
2.436636725722252e-10,0.9999994039535522,1.0534298419952393,14531713024.0,0.025067757815122604
2.4416416111172623e-10,0.9999994039535522,1.0446009635925293,14532097024.0,0.02506748028099537
2.4466467740680287e-10,0.9999994039535522,1.0357705354690552,14532493312.0,0.025067200884222984
2.451651659463039e-10,0.9999994039535522,1.026942253112793,14532888576.0,0.025066928938031197
2.456656544858049e-10,0.9999994039535522,1.0181152820587158,14533275648.0,0.025066647678613663
2.4616617078088154e-10,0.9999994039535522,1.0092861652374268,14533675008.0,0.025066373869776726
2.4666665932038256e-10,0.9999994039535522,1.0004552602767944,14534062080.0,0.02506609633564949
2.471671756154592e-10,0.9999994039535522,0.9916291832923889,14534457344.0,0.02506583370268345
2.476676641549602e-10,0.9999994039535522,0.9828159213066101,14534821888.0,0.02506563439965248
2.4816818045003686e-10,0.9999994039535522,0.9740015268325806,14535184384.0,0.02506544627249241
2.486686689895379e-10,0.9999994039535522,0.9651877880096436,14535553024.0,0.025065243244171143
2.491691575290389e-10,0.9999994039535522,0.9563740491867065,14535915520.0,0.025065049529075623
2.4966967382411553e-10,0.9999994039535522,0.947558581829071,14536282112.0,0.025064852088689804
2.5017016236361656e-10,0.9999994039535522,0.9387444853782654,14536652800.0,0.025064656510949135
2.506706786586932e-10,0.9999994039535522,0.9299293160438538,14537019392.0,0.025064464658498764
2.511711671981942e-10,0.9999994039535522,0.9211152791976929,14537374720.0,0.025064270943403244
2.5167168349327085e-10,0.9999994039535522,0.9123016595840454,14537743360.0,0.025064077228307724
2.5217217203277187e-10,0.9999994039535522,0.9034866690635681,14538112000.0,0.025063881650567055
2.526726605722729e-10,0.9999994039535522,0.8946738243103027,14538479616.0,0.025063682347536087
2.531731768673495e-10,0.9999994039535522,0.8858582377433777,14538850304.0,0.025063486769795418
2.5367366540685055e-10,0.9999994039535522,0.877044141292572,14539216896.0,0.02506328746676445
2.541741817019272e-10,0.9999994039535522,0.868230402469635,14539573248.0,0.02506309747695923
2.546746702414282e-10,0.9999994039535522,0.8594158887863159,14539933696.0,0.02506290376186371
2.5517518653650484e-10,0.9999994039535522,0.8506016135215759,14540302336.0,0.02506270445883274
2.5567567507600586e-10,0.9999994039535522,0.841787576675415,14540673024.0,0.02506251633167267
2.561761636155069e-10,0.9999994039535522,0.8329731822013855,14541037568.0,0.025062320753932
2.566766799105835e-10,0.9999994039535522,0.8241586685180664,14541406208.0,0.025062119588255882
2.5717716845008454e-10,0.9999994039535522,0.8153455257415771,14541770752.0,0.025061924010515213
2.5767768474516117e-10,0.9999994039535522,0.8065297603607178,14542137344.0,0.02506173774600029
2.581781732846622e-10,0.9999994039535522,0.79771488904953,14542501888.0,0.02506154403090477
2.5867868957973883e-10,0.9999994039535522,0.7888996005058289,14542870528.0,0.0250613484531641
2.5917917811923985e-10,0.9999994039535522,0.7800864577293396,14543235072.0,0.025061149150133133
2.5967966665874087e-10,0.9999994039535522,0.7712727189064026,14543599616.0,0.025060955435037613
2.601801829538175e-10,0.9999994039535522,0.7624588012695312,14543965184.0,0.025060757994651794
2.6068067149331853e-10,0.9999994039535522,0.7536447048187256,14544333824.0,0.025060568004846573
2.6118118778839516e-10,0.9999994039535522,0.7448307871818542,14544704512.0,0.025060366839170456
2.616816763278962e-10,0.9999994039535522,0.7363656759262085,14543998976.0,0.025059564039111137
2.621821926229728e-10,0.9999994039535522,0.727973222732544,14543073280.0,0.025058623403310776
2.6268268116247384e-10,0.9999994039535522,0.7195793390274048,14542149632.0,0.02505769208073616
2.6318316970197486e-10,0.9999994039535522,0.7113471627235413,14541094912.0,0.025056689977645874
2.636836859970515e-10,0.9999994039535522,0.7034348845481873,14539769856.0,0.025055572390556335
2.641841745365525e-10,0.9999994039535522,0.6955171823501587,14538422272.0,0.02505449391901493
2.6468469083162915e-10,0.9999994039535522,0.6875705718994141,14537052160.0,0.025053510442376137
2.651851793711302e-10,0.9999994039535522,0.679624080657959,14535680000.0,0.025052519515156746
2.656856956662068e-10,0.9999994039535522,0.6716797351837158,14534299648.0,0.0250515416264534
2.6618618420570783e-10,0.9999995231628418,0.6637324690818787,14532929536.0,0.025050552561879158
2.6668670050078447e-10,0.9999995231628418,0.6557864546775818,14531557376.0,0.025049559772014618
2.671871890402855e-10,0.9999995231628418,0.6478416919708252,14530170880.0,0.025048580020666122
2.676876775797865e-10,0.9999995231628418,0.6398966312408447,14528806912.0,0.02504759281873703
2.6818819387486315e-10,0.9999995231628418,0.6319507360458374,14527430656.0,0.02504660375416279
2.6868868241436417e-10,0.9999995231628418,0.6240026950836182,14526058496.0,0.025045618414878845
2.691891987094408e-10,0.9999995231628418,0.6160582304000854,14524682240.0,0.02504463493824005
2.696896872489418e-10,0.9999995231628418,0.6081122159957886,14523301888.0,0.02504364773631096
2.7019020354401846e-10,0.9999995231628418,0.6001653075218201,14521927680.0,0.025042664259672165
2.706906920835195e-10,0.9999995231628418,0.592255175113678,14520523776.0,0.02504166215658188
2.711911806230205e-10,0.9999995231628418,0.5844460129737854,14519007232.0,0.02504063956439495
2.7169169691809714e-10,0.9999995231628418,0.5766374468803406,14517484544.0,0.025039613246917725
2.7219218545759816e-10,0.9999995231628418,0.5688318610191345,14515972096.0,0.02503858506679535
2.726927017526748e-10,0.9999995231628418,0.5610226988792419,14514454528.0,0.025037549436092377
2.731931902921758e-10,0.9999995231628418,0.5532141327857971,14512941056.0,0.025036530569195747
2.7369370658725245e-10,0.9999995231628418,0.5454071760177612,14511429632.0,0.025035500526428223
2.7419419512675347e-10,0.9999995231628418,0.5375971794128418,14509903872.0,0.025034472346305847
2.746946836662545e-10,0.9999995231628418,0.529789924621582,14508381184.0,0.02503344602882862
2.7519519996133113e-10,0.9999995231628418,0.5219841599464417,14506864640.0,0.025032412260770798
2.7569568850083215e-10,0.9999995231628418,0.515381395816803,14505690112.0,0.025031989440321922
2.761962047959088e-10,0.9999995231628418,0.5089743137359619,14504566784.0,0.02503165975213051
2.766966933354098e-10,0.9999995231628418,0.502564549446106,14503442432.0,0.025031324476003647
2.7719720963048644e-10,0.9999995231628418,0.4961557388305664,14502320128.0,0.025030992925167084
2.7769769816998746e-10,0.9999995231628418,0.4897506535053253,14501197824.0,0.02503066509962082
2.781981867094885e-10,0.9999995231628418,0.48334136605262756,14500071424.0,0.02503032423555851
2.786987030045651e-10,0.9999995231628418,0.4769324064254761,14498945024.0,0.025029994547367096
2.7919919154406614e-10,0.9999995231628418,0.47052499651908875,14497817600.0,0.025029664859175682
2.796997078391428e-10,0.9999995231628418,0.4641169309616089,14496704512.0,0.02502932772040367
2.802001963786438e-10,0.9999995231628418,0.4577084481716156,14495575040.0,0.025029029697179794
2.8070071267372043e-10,0.9999995231628418,0.4513101875782013,14494457856.0,0.025028876960277557
2.8120120121322145e-10,0.9999995231628418,0.44491147994995117,14493335552.0,0.025028729811310768
2.8170168975272247e-10,0.9999995231628418,0.43851152062416077,14492205056.0,0.02502858266234398
2.822022060477991e-10,0.9999995231628418,0.43210893869400024,14491078656.0,0.02502843178808689
2.8270269458730013e-10,0.9999995231628418,0.4257097542285919,14489962496.0,0.025028277188539505
2.8320321088237677e-10,0.9999995231628418,0.41930919885635376,14488836096.0,0.025028131902217865
2.837036994218778e-10,0.9999995231628418,0.4129107892513275,14487716864.0,0.025027982890605927
2.842042157169544e-10,0.9999995231628418,0.40651053190231323,14486591488.0,0.025027835741639137
2.8470470425645544e-10,0.9999995231628418,0.4001122713088989,14485459968.0,0.0250276830047369
2.8520519279595646e-10,0.9999995231628418,0.39371031522750854,14484346880.0,0.025027533993124962
2.857057090910331e-10,0.9999995231628418,0.38731035590171814,14483216384.0,0.025027384981513023
2.862061976305341e-10,0.9999995231628418,0.3809119462966919,14482100224.0,0.025027232244610786
2.8670671392561076e-10,0.9999995231628418,0.3745115399360657,14480969728.0,0.025027085095643997
2.872072024651118e-10,0.9999995231628418,0.36811017990112305,14479851520.0,0.025026939809322357
2.877077187601884e-10,0.9999995231628418,0.3617105484008789,14478724096.0,0.025026779621839523
2.8820820729968943e-10,0.9999995231628418,0.3553088903427124,14477604864.0,0.02502663992345333
2.8870869583919045e-10,0.9999995231628418,0.34891313314437866,14476478464.0,0.025026485323905945
2.892092121342671e-10,0.9999995231628418,0.34251177310943604,14475358208.0,0.025026332587003708
2.897097006737681e-10,0.9999995231628418,0.336113840341568,14474233856.0,0.02502617985010147
2.9021021696884475e-10,0.9999995231628418,0.32971248030662537,14473113600.0,0.02502603456377983
2.9071070550834577e-10,0.9999995231628418,0.3233124017715454,14472002560.0,0.025025909766554832
2.912112218034224e-10,0.9999995231628418,0.3169163465499878,14470922240.0,0.025025850161910057
2.917117103429234e-10,0.9999995231628418,0.3105199635028839,14469855232.0,0.02502579800784588
2.9221219888242445e-10,0.9999995231628418,0.3041195273399353,14468780032.0,0.025025732815265656
2.927127151775011e-10,0.9999995231628418,0.29772502183914185,14467702784.0,0.02502567321062088
2.932132037170021e-10,0.9999995231628418,0.2913261651992798,14466629632.0,0.025025617331266403
2.9371372001207874e-10,0.9999995231628418,0.2849714756011963,14465103872.0,0.025025837123394012
2.9421420855157976e-10,0.9999995231628418,0.2786307632923126,14463407104.0,0.025026166811585426
2.947147248466564e-10,0.9999995231628418,0.27229535579681396,14461698048.0,0.025026503950357437
2.952152133861574e-10,0.9999995231628418,0.2659571170806885,14459997184.0,0.025026842951774597
2.9571570192565844e-10,0.9999995231628418,0.25962015986442566,14458293248.0,0.02502717450261116
2.9621621822073507e-10,0.9999995231628418,0.253278523683548,14456588288.0,0.025027509778738022
2.967167067602361e-10,0.9999995231628418,0.24694311618804932,14454887424.0,0.025027843192219734
2.9721722305531273e-10,0.9999995231628418,0.24060708284378052,14453188608.0,0.025028176605701447
2.9771771159481375e-10,0.9999995231628418,0.23426637053489685,14451489792.0,0.025028511881828308
2.982182278898904e-10,0.9999995231628418,0.22792690992355347,14449778688.0,0.025028854608535767
2.987187164293914e-10,0.9999995231628418,0.22158870100975037,14448080896.0,0.025029180571436882
2.9921923272446804e-10,0.9999995231628418,0.21525079011917114,14446377984.0,0.025029517710208893
2.9971972126396906e-10,0.9999995231628418,0.20891226828098297,14444666880.0,0.025029847398400307
3.002202098034701e-10,0.9999995231628418,0.20257404446601868,14442975232.0,0.02503017894923687
3.007207260985467e-10,0.9999995231628418,0.1962619572877884,14441279488.0,0.02503051795065403
3.0122121463804774e-10,0.9999996423721313,0.19036103785037994,14439655424.0,0.025030869990587234
3.017217309331244e-10,0.9999996423721313,0.1844622790813446,14438043648.0,0.025031227618455887
3.022222194726254e-10,0.9999996423721313,0.1785619705915451,14436423680.0,0.025031574070453644
3.0272273576770203e-10,0.9999996423721313,0.17266136407852173,14434812928.0,0.025031935423612595
3.0322322430720305e-10,0.9999996423721313,0.167550727725029,14433200128.0,0.0250321663916111
3.037237128467041e-10,0.9999996423721313,0.16263945400714874,14431601664.0,0.025032371282577515
3.042242291417807e-10,0.9999996423721313,0.15773160755634308,14430001152.0,0.025032570585608482
3.0472471768128173e-10,0.9999996423721313,0.15282003581523895,14428394496.0,0.025032775476574898
3.0522523397635837e-10,0.9999996423721313,0.1479131132364273,14426797056.0,0.025032982230186462
3.057257225158594e-10,0.9999996423721313,0.1430024653673172,14425192448.0,0.025033175945281982
3.06226238810936e-10,0.9999996423721313,0.13808809220790863,14423597056.0,0.025033380836248398
3.0672672735043705e-10,0.9999996423721313,0.13318024575710297,14421991424.0,0.025033580139279366
3.0722721588993807e-10,0.9999996423721313,0.12826959788799286,14420390912.0,0.02503378875553608
3.077277321850147e-10,0.9999996423721313,0.12335987389087677,14418786304.0,0.025033993646502495
3.082282207245157e-10,0.9999996423721313,0.1184498518705368,14417188864.0,0.02503419853746891
3.0872873701959236e-10,0.9999996423721313,0.11353857815265656,14415593472.0,0.025034399703145027
3.092292255590934e-10,0.9999996423721313,0.1086294874548912,14413981696.0,0.025034606456756592
3.0972974185417e-10,0.9999996423721313,0.10371977090835571,14412382208.0,0.025034800171852112
3.1023023039367104e-10,0.9999996423721313,0.09880943596363068,14410778624.0,0.025035006925463676
3.1073071893317206e-10,0.9999996423721313,0.0938984751701355,14409172992.0,0.025035208091139793
3.112312352282487e-10,0.9999996423721313,0.08898969739675522,14407573504.0,0.02503541298210621
3.117317237677497e-10,0.9999996423721313,0.08480558544397354,14405913600.0,0.02503572404384613
3.1223224006282635e-10,0.9999996423721313,0.08110665529966354,14404218880.0,0.02503611147403717
3.1273272860232737e-10,0.9999996423721313,0.07740866392850876,14402519040.0,0.025036495178937912
3.13233244897404e-10,0.9999996423721313,0.07371316105127335,14400811008.0,0.02503688633441925
3.1373373343690503e-10,0.9999996423721313,0.0700157880783081,14399102976.0,0.02503727376461029
3.1423422197640605e-10,0.9999996423721313,0.06631842255592346,14397409280.0,0.02503766119480133
3.147347382714827e-10,0.9999996423721313,0.06261980533599854,14395703296.0,0.02503805048763752
3.152352268109837e-10,0.9999996423721313,0.05892180651426315,14394005504.0,0.02503843978047371
3.1573574310606034e-10,0.9999996423721313,0.055225059390068054,14392301568.0,0.02503882721066475
3.1623623164556136e-10,0.9999996423721313,0.05152551084756851,14390603776.0,0.02503921277821064
3.16736747940638e-10,0.9999996423721313,0.047830939292907715,14388908032.0,0.025039594620466232
3.17237236480139e-10,0.9999996423721313,0.04413170367479324,14387197952.0,0.025039982050657272
3.1773772501964004e-10,0.9999996423721313,0.04043371230363846,14385506304.0,0.025040380656719208
3.182382413147167e-10,0.9999996423721313,0.03673665225505829,14383802368.0,0.025040756911039352
3.187387298542177e-10,0.9999996423721313,0.033041149377822876,14382080000.0,0.025041144341230392
3.1923924614929433e-10,0.9999996423721313,0.029342224821448326,14380354560.0,0.025041544809937477
3.1973973468879535e-10,0.9999996423721313,0.025646409019827843,14378629120.0,0.025041937828063965
3.20240250983872e-10,0.9999996423721313,0.02194872684776783,14376899584.0,0.02504233829677105
3.20740739523373e-10,0.9999996423721313,0.018248869106173515,14375166976.0,0.02504272758960724
3.2124122806287403e-10,0.9999996423721313,0.014552120119333267,14373439488.0,0.025043126195669174
3.2174174435795067e-10,0.9999996423721313,0.010855683125555515,14371705856.0,0.02504352107644081
3.222422328974517e-10,0.9999996423721313,0.007161733694374561,14369972224.0,0.025043915957212448
3.227427491925283e-10,0.9999996423721313,0.0034628077410161495,14368251904.0,0.025044312700629234
3.2324323773202934e-10,0.9999996423721313,-0.0002333185402676463,14366524416.0,0.025044705718755722
3.23743754027106e-10,0.9999996423721313,-0.003932555206120014,14364788736.0,0.025045102462172508
3.24244242566607e-10,0.9999996423721313,-0.007627126760780811,14363068416.0,0.025045497342944145
3.24744731106108e-10,0.9999996423721313,-0.011324496939778328,14361333760.0,0.02504589408636093
3.2524524740118466e-10,0.9999996423721313,-0.015023421496152878,14359599104.0,0.02504628710448742
3.257457359406857e-10,0.9999996423721313,-0.018719548359513283,14357882880.0,0.025046678259968758
3.262462522357623e-10,0.9999996423721313,-0.022417230531573296,14356150272.0,0.02504708059132099
3.2674674077526333e-10,0.9999996423721313,-0.026114290580153465,14354416640.0,0.02504747174680233
3.2724725707033997e-10,0.9999996423721313,-0.029811348766088486,14352698368.0,0.025047870352864265
3.27747745609841e-10,0.9999996423721313,-0.03350996598601341,14350954496.0,0.02504827082157135
3.2824826190491763e-10,0.9999996423721313,-0.037207335233688354,14349238272.0,0.02504865825176239
3.2874875044441865e-10,0.9999996423721313,-0.04090408608317375,14347507712.0,0.025049056857824326
3.2924923898391967e-10,0.9999996423721313,-0.04460083320736885,14345778176.0,0.025049448013305664
3.297497552789963e-10,0.9999996423721313,-0.04829913750290871,14344050688.0,0.0250498466193676
3.302502438184973e-10,0.9999996423721313,-0.05199464038014412,14342318080.0,0.025050239637494087
3.3075076011357396e-10,0.9999996423721313,-0.05569076910614967,14340591616.0,0.025050636380910873
3.31251248653075e-10,0.9999996423721313,-0.0593893826007843,14338871296.0,0.02505102939903736
3.317517649481516e-10,0.9999996423721313,-0.0630861297249794,14337136640.0,0.025051428005099297
3.3225225348765264e-10,0.9999996423721313,-0.06678380817174911,14335412224.0,0.025051817297935486
3.3275274202715366e-10,0.9999996423721313,-0.07047869265079498,14333673472.0,0.02505221590399742
3.332532583222303e-10,0.9999996423721313,-0.07420187443494797,14331937792.0,0.02505260892212391
3.337537468617313e-10,0.9999996423721313,-0.07799161970615387,14330140672.0,0.025053013116121292
3.3425426315680795e-10,0.9999996423721313,-0.08178447186946869,14328371200.0,0.025053415447473526
3.3475475169630897e-10,0.9999996423721313,-0.08557545393705368,14326581248.0,0.02505381405353546
3.352552679913856e-10,0.9999996423721313,-0.08936800062656403,14324807680.0,0.025054218247532845
3.3575575653088663e-10,0.9999996423721313,-0.09315867722034454,14323023872.0,0.02505461871623993
3.3625624507038765e-10,0.9999996423721313,-0.09695121645927429,14321233920.0,0.025055017322301865
3.367567613654643e-10,0.9999996423721313,-0.10074406862258911,14319452160.0,0.0250554196536541
3.372572499049653e-10,0.9999996423721313,-0.10453536361455917,14317671424.0,0.02505582384765148
3.3775776620004194e-10,0.9999996423721313,-0.10832791030406952,14315887616.0,0.025056224316358566
3.3825825473954296e-10,0.9999996423721313,-0.11211951822042465,14314108928.0,0.0250566229224205
3.387587710346196e-10,0.9999996423721313,-0.11590925604104996,14312321024.0,0.025057025253772736
3.392592595741206e-10,0.9999996423721313,-0.11970055848360062,14310533120.0,0.02505742572247982
3.3975974811362164e-10,0.9999996423721313,-0.12349496781826019,14308761600.0,0.025057824328541756
3.402602644086983e-10,0.9999996423721313,-0.1272856444120407,14306965504.0,0.02505822852253914
3.407607529481993e-10,0.9999996423721313,-0.1310766339302063,14305191936.0,0.025058627128601074
3.4126126924327593e-10,0.9999996423721313,-0.13486948609352112,14303399936.0,0.025059029459953308
3.4176175778277695e-10,0.9999996423721313,-0.13865984976291656,14301618176.0,0.025059428066015244
3.422622740778536e-10,0.9999996423721313,-0.1424536257982254,14299835392.0,0.025059837847948074
3.427627626173546e-10,0.9999997615814209,-0.14624492824077606,14298048512.0,0.02506023272871971
3.4326325115685563e-10,0.9999997615814209,-0.15003809332847595,14296272896.0,0.025060633197426796
3.4376376745193227e-10,0.9999997615814209,-0.15382534265518188,14294482944.0,0.02506103366613388
3.442642559914333e-10,0.9999997615814209,-0.157619446516037,14292705280.0,0.025061435997486115
3.447647722865099e-10,0.9999997615814209,-0.1614135354757309,14290920448.0,0.025061842054128647
3.4526526082601094e-10,0.9999997615814209,-0.16520266234874725,14289139712.0,0.025062233209609985
3.457657771210876e-10,0.9999997615814209,-0.16899488866329193,14287351808.0,0.025062642991542816
3.462662656605886e-10,0.9999997615814209,-0.1727849394083023,14285563904.0,0.02506304159760475
3.467667542000896e-10,0.9999997615814209,-0.17657747864723206,14283783168.0,0.025063442066311836
3.4726727049516626e-10,0.9999997615814209,-0.18036971986293793,14282000384.0,0.02506384626030922
3.477677590346673e-10,0.9999997615814209,-0.18416225910186768,14280220672.0,0.025064248591661453
3.482682753297439e-10,0.9999997615814209,-0.18795448541641235,14278436864.0,0.02506464719772339
3.4876876386924494e-10,0.9999997615814209,-0.191745787858963,14276659200.0,0.025065042078495026
3.4926928016432157e-10,0.9999997615814209,-0.19553521275520325,14274875392.0,0.02506544068455696
3.497697687038226e-10,0.9999997615814209,-0.19933055341243744,14273087488.0,0.025065850466489792
3.502702572433236e-10,0.9999997615814209,-0.2031196802854538,14271307776.0,0.025066249072551727
3.5077077353840025e-10,0.9999997615814209,-0.20691128075122833,14269522944.0,0.02506665326654911
3.5127126207790127e-10,0.9999997615814209,-0.2107056975364685,14267732992.0,0.025067048147320747
3.517717783729779e-10,0.9999997615814209,-0.21449574828147888,14265951232.0,0.025067448616027832
3.5227226691247893e-10,0.9999997615814209,-0.21828611195087433,14264170496.0,0.025067854672670364
3.5277278320755556e-10,0.9999997615814209,-0.22207990288734436,14262388736.0,0.02506825514137745
3.532732717470566e-10,0.9999997615814209,-0.2258693277835846,14260611072.0,0.025068655610084534
3.537737602865576e-10,0.9999997615814209,-0.22966435551643372,14258826240.0,0.025069061666727066
3.5427427658163424e-10,0.9999997615814209,-0.2334553450345993,14257035264.0,0.0250694639980793
3.5477476512113526e-10,0.9999997615814209,-0.23724539577960968,14255257600.0,0.025069862604141235
3.552752814162119e-10,0.9999997615814209,-0.24103856086730957,14253474816.0,0.02507026493549347
3.557757699557129e-10,0.9999997615814209,-0.24482986330986023,14251692032.0,0.025070669129490852
3.5627628625078955e-10,0.9999997615814209,-0.24862302839756012,14249904128.0,0.02507106214761734
3.5677677479029057e-10,0.9999997615814209,-0.25241217017173767,14248114176.0,0.025071464478969574
3.572772910853672e-10,0.9999997615814209,-0.2562040686607361,14246340608.0,0.025071868672966957
3.5777777962486823e-10,0.9999997615814209,-0.2599959969520569,14244556800.0,0.025072269141674042
3.5827826816436925e-10,0.9999997615814209,-0.2637888491153717,14242772992.0,0.025072677060961723
3.587787844594459e-10,0.9999997615814209,-0.26757827401161194,14240995328.0,0.02507307194173336
3.592792729989469e-10,0.9999997615814209,-0.27137112617492676,14239198208.0,0.025073468685150146
3.5977978929402354e-10,0.9999997615814209,-0.27516430616378784,14237415424.0,0.02507387101650238
3.6028027783352456e-10,0.9999997615814209,-0.2789543569087982,14235643904.0,0.025074264034628868
3.607807941286012e-10,0.9999997615814209,-0.2827478349208832,14233854976.0,0.02507466822862625
3.612812826681022e-10,0.9999997615814209,-0.2865385115146637,14232068096.0,0.025075078010559082
3.6178177120760324e-10,0.9999997615814209,-0.29033103585243225,14230290432.0,0.025075476616621017
3.622822875026799e-10,0.9999997615814209,-0.2941245138645172,14228516864.0,0.025075877085328102
3.627827760421809e-10,0.9999997615814209,-0.29791364073753357,14226720768.0,0.025076285004615784
3.6328329233725754e-10,0.9999997615814209,-0.3017074167728424,14224947200.0,0.02507667988538742
3.6378378087675856e-10,0.9999997615814209,-0.3054984211921692,14223157248.0,0.025077082216739655
3.642842971718352e-10,0.9999997615814209,-0.30928972363471985,14221376512.0,0.02507748082280159
3.647847857113362e-10,0.9999997615814209,-0.3130813241004944,14219595776.0,0.025077885016798973
3.6528527425083723e-10,0.9999997615814209,-0.31687480211257935,14217811968.0,0.025078291073441505
3.6578579054591387e-10,0.9999997615814209,-0.3206642270088196,14216030208.0,0.02507869154214859
3.662862790854149e-10,0.9999997615814209,-0.3244570791721344,14214240256.0,0.025079088285565376
3.6678679538049153e-10,0.9999997615814209,-0.3282487094402313,14212454400.0,0.025079485028982162
3.6728728391999255e-10,0.9999997615814209,-0.3319917917251587,14210666496.0,0.02507990598678589
3.677878002150692e-10,0.9999997615814209,-0.33546990156173706,14208878592.0,0.025080354884266853
3.682882887545702e-10,0.9999997615814209,-0.33894646167755127,14207088640.0,0.02508080191910267
3.687887772940712e-10,0.9999997615814209,-0.3424251675605774,14205303808.0,0.025081243366003036
3.6928929358914786e-10,0.9999997615814209,-0.3459051549434662,14203512832.0,0.025081705302000046
3.697897821286489e-10,0.9999997615814209,-0.34932538866996765,14201649152.0,0.02508215606212616
3.702902984237255e-10,0.9999997615814209,-0.3527422249317169,14199794688.0,0.025082606822252274
3.7079078696322654e-10,0.9999997615814209,-0.35615408420562744,14197940224.0,0.025083065032958984
3.7129130325830317e-10,0.9999997615814209,-0.3595699965953827,14196078592.0,0.025083519518375397
3.717917917978042e-10,0.9999997615814209,-0.36298465728759766,14194219008.0,0.025083977729082108
3.722922803373052e-10,0.9999997615814209,-0.3663986921310425,14192367616.0,0.02508443221449852
3.7279279663238185e-10,0.9999997615814209,-0.3698130249977112,14190507008.0,0.025084886699914932
3.7329328517188287e-10,0.9999997615814209,-0.37322798371315,14188650496.0,0.025085343047976494
3.737938014669595e-10,0.9999997615814209,-0.37664201855659485,14186795008.0,0.02508578822016716
3.7429429000646053e-10,0.9999997615814209,-0.3800591826438904,14184934400.0,0.02508625015616417
3.7479480630153716e-10,0.9999997615814209,-0.38347259163856506,14183073792.0,0.025086702778935432
3.752952948410382e-10,0.9999997615814209,-0.38688692450523376,14181221376.0,0.025087153539061546
3.757957833805392e-10,0.9999997615814209,-0.39030250906944275,14179364864.0,0.025087609887123108
3.7629629967561584e-10,0.9999997615814209,-0.39371562004089355,14177499136.0,0.02508806809782982
3.7679678821511686e-10,0.9999997615814209,-0.3971296548843384,14175642624.0,0.025088518857955933
3.772973045101935e-10,0.9999997615814209,-0.4005449414253235,14173790208.0,0.025088975206017494
3.777977930496945e-10,0.9999997615814209,-0.40395990014076233,14171921408.0,0.02508942410349846
3.7829830934477116e-10,0.9999997615814209,-0.40737423300743103,14170066944.0,0.02508988417685032
3.787987978842722e-10,0.9999997615814209,-0.410787969827652,14168207360.0,0.025090336799621582
3.792992864237732e-10,0.9999997615814209,-0.41417059302330017,14166374400.0,0.025090698152780533
3.7979980271884983e-10,0.9999997615814209,-0.417537659406662,14164536320.0,0.025091003626585007
3.8030029125835085e-10,0.9999997615814209,-0.4209025502204895,14162696192.0,0.02509131096303463
3.808008075534275e-10,0.9999997615814209,-0.4242668151855469,14160861184.0,0.025091612711548805
3.813012960929285e-10,0.9999997615814209,-0.42763325572013855,14159027200.0,0.02509191632270813
3.8180181238800515e-10,0.9999997615814209,-0.43099722266197205,14157191168.0,0.025092225521802902
3.8230230092750617e-10,0.9999997615814209,-0.43436089158058167,14155360256.0,0.025092532858252525
3.828027894670072e-10,0.9999997615814209,-0.4377291798591614,14153523200.0,0.025092829018831253
3.833033057620838e-10,0.9999997615814209,-0.44109347462654114,14151696384.0,0.025093138217926025
3.8380379430158484e-10,0.9999997615814209,-0.44440144300460815,14150504448.0,0.025093238800764084
3.843043105966615e-10,0.9999997615814209,-0.44770413637161255,14149306368.0,0.025093328207731247
3.848047991361625e-10,0.9999997615814209,-0.4510105550289154,14148116480.0,0.025093426927924156
3.8530531543123914e-10,0.9999997615814209,-0.4543185234069824,14146920448.0,0.025093531236052513
3.8580580397074016e-10,0.9999997615814209,-0.4576224684715271,14145722368.0,0.025093624368309975
3.863062925102412e-10,0.9999997615814209,-0.4609285891056061,14144528384.0,0.025093724951148033
3.868068088053178e-10,0.9999997615814209,-0.4642343819141388,14143332352.0,0.025093818083405495
3.8730729734481883e-10,0.9999997615814209,-0.4675410985946655,14142136320.0,0.025093916803598404
3.8780781363989547e-10,0.9999997615814209,-0.4708481431007385,14140943360.0,0.025094011798501015
3.883083021793965e-10,0.9999997615814209,-0.47415396571159363,14139746304.0,0.025094112381339073
3.8880881847447313e-10,0.9999997615814209,-0.4774572551250458,14138546176.0,0.025094211101531982
3.8930930701397415e-10,0.9999997615814209,-0.4807649254798889,14137354240.0,0.025094307959079742
3.898098233090508e-10,0.9999997615814209,-0.48407042026519775,14136162304.0,0.0250944085419178
3.903103118485518e-10,0.9999997615814209,-0.48737528920173645,14134964224.0,0.025094497948884964
3.908108003880528e-10,0.9999997615814209,-0.49068140983581543,14133760000.0,0.02509460039436817
3.9131131668312946e-10,0.9999997615814209,-0.4939884543418884,14132568064.0,0.02509469725191593
3.918118052226305e-10,0.9999997615814209,-0.4972939193248749,14131374080.0,0.02509479969739914
3.923123215177071e-10,0.9999997615814209,-0.5006006360054016,14130185216.0,0.0250948965549469
3.9281281005720814e-10,0.9999997615814209,-0.5039045810699463,14128988160.0,0.02509499341249466
3.933133263522848e-10,0.9999997615814209,-0.5072128772735596,14127782912.0,0.025095084682106972
3.938138148917858e-10,0.9999997615814209,-0.5105211734771729,14126592000.0,0.02509518899023533
3.943143034312868e-10,0.9999997615814209,-0.5138241648674011,14125398016.0,0.025095287710428238
3.9481481972636345e-10,0.9999997615814209,-0.5171299576759338,14124197888.0,0.0250953808426857
3.9531530826586447e-10,0.9999997615814209,-0.5204342007637024,14123002880.0,0.02509547770023346
3.958158245609411e-10,0.9999997615814209,-0.5237421989440918,14121811968.0,0.02509557083249092
3.9631631310044213e-10,0.9999997615814209,-0.5270473957061768,14120611840.0,0.025095675140619278
3.9681682939551877e-10,0.9999997615814209,-0.5303550362586975,14119424000.0,0.02509576641023159
3.973173179350198e-10,0.9999997615814209,-0.5336592793464661,14118225920.0,0.02509586699306965
3.978178064745208e-10,0.9999997615814209,-0.5369625687599182,14117031936.0,0.025095967575907707
3.9831832276959744e-10,0.9999997615814209,-0.5402724146842957,14115833856.0,0.025096066296100616
3.9881881130909846e-10,0.9999997615814209,-0.543578565120697,14114639872.0,0.025096161291003227
3.993193276041751e-10,0.9999997615814209,-0.5468846559524536,14113441792.0,0.025096265599131584
3.998198161436761e-10,0.9999997615814209,-0.5501898527145386,14112249856.0,0.02509635128080845
4.0032033243875276e-10,0.9999997615814209,-0.5534946918487549,14111042560.0,0.025096451863646507
4.008208209782538e-10,0.9999997615814209,-0.5568017363548279,14109847552.0,0.025096546858549118
4.013213095177548e-10,0.9999997615814209,-0.5601056814193726,14108660736.0,0.025096651166677475
4.0182182581283143e-10,0.9999997615814209,-0.5634139776229858,14107466752.0,0.025096744298934937
4.0232231435233246e-10,0.9999997615814209,-0.566720724105835,14106279936.0,0.025096843019127846
4.028228306474091e-10,0.9999998807907104,-0.5700258612632751,14105079808.0,0.025096943601965904
4.033233191869101e-10,0.9999998807907104,-0.5733317136764526,14103882752.0,0.025097038596868515
4.0382383548198675e-10,0.9999998807907104,-0.5766375064849854,14102685696.0,0.025097137317061424
4.0432432402148777e-10,0.9999998807907104,-0.5799435973167419,14101484544.0,0.025097236037254333
4.048248125609888e-10,0.9999998807907104,-0.5832478404045105,14100293632.0,0.025097332894802094
4.053253288560654e-10,0.9999998807907104,-0.5865536332130432,14099093504.0,0.025097427889704704
4.0582581739556645e-10,0.9999998807907104,-0.5898603796958923,14097905664.0,0.025097522884607315
4.063263336906431e-10,0.9999998807907104,-0.5931667685508728,14096707584.0,0.025097621604800224
4.068268222301441e-10,0.9999998807907104,-0.5964719653129578,14095505408.0,0.025097716599702835
4.0732733852522074e-10,0.9999998807907104,-0.5997793078422546,14094321664.0,0.025097813457250595
4.0782782706472176e-10,0.9999998807907104,-0.6030857563018799,14093124608.0,0.025097917765378952
4.083283156042228e-10,0.9999998807907104,-0.6063897013664246,14091919360.0,0.025098010897636414
4.088288318992994e-10,0.9999998807907104,-0.6096976399421692,14090733568.0,0.025098107755184174
4.0932932043880044e-10,0.9999998807907104,-0.6130034923553467,14089537536.0,0.02509821020066738
4.0982983673387707e-10,0.9999998807907104,-0.6163086295127869,14088345600.0,0.025098301470279694
4.103303252733781e-10,0.9999998807907104,-0.6196125745773315,14087145472.0,0.025098402053117752
4.1083084156845473e-10,0.9999998807907104,-0.6229208707809448,14085948416.0,0.02509850449860096
4.1133133010795575e-10,0.9999998807907104,-0.6262263655662537,14084749312.0,0.02509859763085842
4.1183181864745677e-10,0.9999998807907104,-0.6295337080955505,14083557376.0,0.025098692625761032
4.123323349425334e-10,0.9999998807907104,-0.6328369975090027,14082361344.0,0.02509879320859909
4.1283282348203443e-10,0.9999998807907104,-0.6361437439918518,14081170432.0,0.02509889006614685
4.1333333977711106e-10,0.9999998807907104,-0.6394507884979248,14079971328.0,0.02509898506104946
4.138338283166121e-10,0.9999998807907104,-0.6427568793296814,14078779392.0,0.02509908936917782
4.143343446116887e-10,0.9999998807907104,-0.6460614800453186,14077579264.0,0.025099188089370728
4.1483483315118974e-10,0.9999998807907104,-0.6493685245513916,14076389376.0,0.025099284946918488
4.1533532169069076e-10,0.9999998807907104,-0.652673065662384,14075191296.0,0.025099381804466248
4.158358379857674e-10,0.9999998807907104,-0.6559788584709167,14073995264.0,0.02509947493672371
4.163363265252684e-10,0.9999998807907104,-0.6592884063720703,14072791040.0,0.02509957179427147
4.1683684282034505e-10,0.9999998807907104,-0.662592351436615,14071595008.0,0.025099674239754677
4.173373313598461e-10,0.9999998807907104,-0.6658971905708313,14070403072.0,0.025099771097302437
4.178378476549227e-10,0.9999998807907104,-0.669202983379364,14069211136.0,0.0250998642295599
4.1833833619442373e-10,0.9999998807907104,-0.6725106835365295,14068004864.0,0.02509995736181736
4.1883885248950037e-10,0.9999998807907104,-0.6758161783218384,14066826240.0,0.025100059807300568
4.193393410290014e-10,0.9999998807907104,-0.6791210174560547,14065618944.0,0.025100160390138626
4.198398295685024e-10,0.9999998807907104,-0.6824265122413635,14064427008.0,0.025100257247686386
4.2034034586357905e-10,0.9999998807907104,-0.6856943368911743,14063263744.0,0.025100339204072952
4.2084083440308007e-10,0.9999998807907104,-0.6888042092323303,14062237696.0,0.02510036528110504
4.213413506981567e-10,0.9999998807907104,-0.6919140815734863,14061209600.0,0.02510038949549198
4.218418392376577e-10,0.9999998807907104,-0.695022702217102,14060190720.0,0.025100411847233772
4.2234235553273436e-10,0.9999998807907104,-0.6981322169303894,14059157504.0,0.02510044537484646
4.228428440722354e-10,0.9999998807907104,-0.7012408375740051,14058126336.0,0.0251004695892334
4.233433326117364e-10,0.9999998807907104,-0.7043522596359253,14057102336.0,0.02510049194097519
4.2384384890681304e-10,0.9999998807907104,-0.7074618339538574,14056074240.0,0.025100519880652428
4.2434433744631406e-10,0.9999998807907104,-0.7105701565742493,14055053312.0,0.025100547820329666
4.248448537413907e-10,0.9999998807907104,-0.7130305767059326,14055053312.0,0.02510048635303974
4.253453422808917e-10,0.9999998807907104,-0.7154879570007324,14055045120.0,0.025100424885749817
4.2584585857596835e-10,0.9999998807907104,-0.7179471254348755,14055049216.0,0.02510037086904049
4.2634634711546937e-10,0.9999998807907104,-0.7204073071479797,14055041024.0,0.025100314989686012
4.268468356549704e-10,0.9999998807907104,-0.7228674292564392,14055038976.0,0.025100257247686386
4.2734735195004703e-10,0.9999998807907104,-0.7253254055976868,14055050240.0,0.02510019764304161
4.2784784048954805e-10,0.9999998807907104,-0.7277839779853821,14055049216.0,0.025100134313106537
4.283483567846247e-10,0.9999998807907104,-0.7302425503730774,14055049216.0,0.02510007843375206
4.288488453241257e-10,0.9999998807907104,-0.7327024340629578,14055051264.0,0.025100015103816986
4.2934936161920234e-10,0.9999998807907104,-0.7351607084274292,14055047168.0,0.025099962949752808
4.2984985015870336e-10,0.9999998807907104,-0.7376183271408081,14055049216.0,0.02509990893304348
4.303503386982044e-10,0.9999998807907104,-0.740077555179596,14055049216.0,0.025099851191043854
4.30850854993281e-10,0.9999998807907104,-0.7425373792648315,14055055360.0,0.02509979158639908
4.3135134353278204e-10,0.9999998807907104,-0.7449966073036194,14055049216.0,0.025099728256464005
4.318518598278587e-10,0.9999998807907104,-0.7474526762962341,14055052288.0,0.025099672377109528
4.323523483673597e-10,0.9999998807907104,-0.7499128580093384,14055045120.0,0.02509961649775505
4.3285286466243633e-10,0.9999998807907104,-0.7523216605186462,14055027712.0,0.02509942650794983
4.3335335320193735e-10,0.9999998807907104,-0.7547171115875244,14054987776.0,0.02509920299053192
4.3385384174143837e-10,0.9999998807907104,-0.7571085691452026,14054959104.0,0.02509896829724312
4.34354358036515e-10,0.9999998807907104,-0.7595043182373047,14054915072.0,0.025098752230405807
4.3485484657601603e-10,0.9999998807907104,-0.7618972659111023,14054876160.0,0.025098517537117004
4.3535536287109267e-10,0.9999998807907104,-0.7642908692359924,14054838272.0,0.025098292157053947
4.358558514105937e-10,0.9999998807907104,-0.7666866183280945,14054805504.0,0.025098076090216637
4.363563677056703e-10,0.9999998807907104,-0.7690830230712891,14054766592.0,0.025097843259572983
4.3685685624517134e-10,0.9999998807907104,-0.7714762687683105,14054719488.0,0.025097625330090523
4.3735734478467236e-10,0.9999998807907104,-0.7738714218139648,14054688768.0,0.025097396224737167
4.37857861079749e-10,0.9999998807907104,-0.7762671709060669,14054662144.0,0.02509717084467411
4.3835834961925e-10,0.9999998807907104,-0.7786601781845093,14054617088.0,0.025096947327256203
4.3885886591432666e-10,0.9999998807907104,-0.7810559272766113,14054580224.0,0.025096716359257698
4.393593544538277e-10,0.9999998807907104,-0.7834501266479492,14054539264.0,0.02509649470448494
4.398598707489043e-10,0.9999998807907104,-0.7858461737632751,14054506496.0,0.025096267461776733
4.4036035928840533e-10,0.9999998807907104,-0.7882388830184937,14054468608.0,0.02509603649377823
4.4086084782790635e-10,0.9999998807907104,-0.7906339764595032,14054432768.0,0.02509581670165062
4.41361364122983e-10,0.9999998807907104,-0.7930272817611694,14054397952.0,0.025095591321587563
4.41861852662484e-10,0.9999998807907104,-0.7954217791557312,14054352896.0,0.025095364078879356
4.4236236895756065e-10,0.9999998807907104,-0.7978166341781616,14054318080.0,0.02509513683617115
4.4286285749706167e-10,0.9999998807907104,-0.8002102375030518,14054286336.0,0.025094911456108093
4.433633737921383e-10,0.9999998807907104,-0.8026072382926941,14054248448.0,0.025094682350754738
4.438638623316393e-10,0.9999998807907104,-0.8050004839897156,14054209536.0,0.02509446069598198
4.4436435087114035e-10,0.9999998807907104,-0.8073943853378296,14054178816.0,0.02509423904120922
4.44864867166217e-10,0.9999998807907104,-0.80978924036026,14054137856.0,0.025094013661146164
4.45365355705718e-10,0.9999998807907104,-0.8121827840805054,14054100992.0,0.02509378269314766
4.4586587200079464e-10,0.9999998807907104,-0.8145788908004761,14054074368.0,0.0250935647636652
4.4636636054029566e-10,0.9999998807907104,-0.8169727921485901,14054028288.0,0.02509334124624729
4.468668768353723e-10,0.9999998807907104,-0.8193676471710205,14053992448.0,0.02509310655295849
4.473673653748733e-10,0.9999998807907104,-0.8217593431472778,14053947392.0,0.02509288862347603
4.4786788166994995e-10,0.9999998807907104,-0.8241553902626038,14053912576.0,0.025092657655477524
4.4836837020945097e-10,0.9999998807907104,-0.82654869556427,14053881856.0,0.025092430412769318
4.48868858748952e-10,0.9999998807907104,-0.8289453983306885,14053844992.0,0.02509220875799656
4.4936937504402863e-10,0.9999998807907104,-0.8313395977020264,14053812224.0,0.025091983377933502
4.4986986358352965e-10,0.9999998807907104,-0.8337334990501404,14053769216.0,0.025091752409934998
4.503703798786063e-10,0.9999998807907104,-0.836129903793335,14053736448.0,0.02509152702987194
4.508708684181073e-10,0.9999998807907104,-0.8385241031646729,14053695488.0,0.025091305375099182
4.5137138471318394e-10,0.9999998807907104,-0.8409167528152466,14053664768.0,0.025091081857681274
4.5187187325268496e-10,0.9999998807907104,-0.8433143496513367,14053619712.0,0.025090854614973068
4.52372361792186e-10,0.9999998807907104,-0.8457058072090149,14053593088.0,0.025090627372264862
4.528728780872626e-10,0.9999998807907104,-0.8481000065803528,14053541888.0,0.025090405717492104
4.5337336662676364e-10,0.9999998807907104,-0.8504936099052429,14053517312.0,0.0250901710242033
4.538738829218403e-10,0.9999998807907104,-0.8528896570205688,14053470208.0,0.025089949369430542
4.543743714613413e-10,0.9999998807907104,-0.855283260345459,14053437440.0,0.025089722126722336
4.5487488775641793e-10,0.9999998807907104,-0.8576780557632446,14053408768.0,0.025089500471949577
4.5537537629591895e-10,0.9999998807907104,-0.8600722551345825,14053363712.0,0.025089280679821968
4.5587586483542e-10,0.9999998807907104,-0.8624677658081055,14053326848.0,0.025089049711823463
4.563763811304966e-10,0.9999998807907104,-0.864862859249115,14053279744.0,0.025088820606470108
4.5687686966999763e-10,0.9999998807907104,-0.8672546148300171,14053257216.0,0.0250886008143425
4.5737738596507427e-10,0.9999998807907104,-0.8696528673171997,14053214208.0,0.025088375434279442
4.578778745045753e-10,0.9999998807907104,-0.8720455169677734,14053181440.0,0.025088146328926086
4.583783907996519e-10,0.9999998807907104,-0.8744406700134277,14053145600.0,0.025087915360927582
4.5887887933915295e-10,0.9999998807907104,-0.8768342137336731,14053102592.0,0.025087691843509674
4.5937936787865397e-10,0.9999998807907104,-0.8792281150817871,14053064704.0,0.025087468326091766
4.598798841737306e-10,0.9999998807907104,-0.8816254734992981,14053039104.0,0.02508724480867386
4.603803727132316e-10,0.9999998807907104,-0.8840199708938599,14052989952.0,0.02508702129125595
4.6088088900830826e-10,0.9999998807907104,-0.8864123225212097,14052955136.0,0.025086797773838043
4.613813775478093e-10,0.9999998807907104,-0.8888052701950073,14052923392.0,0.02508656680583954
4.618818938428859e-10,0.9999998807907104,-0.891201376914978,14052885504.0,0.02508634142577648
4.6238238238238694e-10,0.9999998807907104,-0.8935964703559875,14052839424.0,0.025086110457777977
4.6288287092188796e-10,0.9999998807907104,-0.895991325378418,14052812800.0,0.025085896253585815
4.633833872169646e-10,0.9999998807907104,-0.8983846306800842,14052769792.0,0.02508566342294216
4.638838757564656e-10,0.9999998807907104,-0.900779128074646,14052738048.0,0.025085438042879105
4.6438439205154225e-10,0.9999998807907104,-0.9031736254692078,14052694016.0,0.025085214525461197
4.6488488059104327e-10,0.9999998807907104,-0.9055675268173218,14052673536.0,0.02508498542010784
4.653853968861199e-10,0.9999998807907104,-0.9079645276069641,14052623360.0,0.025084761902689934
4.658858854256209e-10,0.9999998807907104,-0.9103565812110901,14052587520.0,0.025084540247917175
4.663863739651219e-10,0.9999998807907104,-0.9127523303031921,14052557824.0,0.025084320455789566
4.66886862504623e-10,0.9999998807907104,-0.9151468873023987,14052514816.0,0.02508408948779106
4.673874065552752e-10,0.9999998807907104,-0.917540431022644,14052485120.0,0.025083862245082855
4.678878950947762e-10,0.9999998807907104,-0.9199343323707581,14052440064.0,0.0250836368650198
4.683883836342773e-10,0.9999998807907104,-0.922331690788269,14052409344.0,0.02508341334760189
4.688888721737783e-10,0.9999998807907104,-0.9247221350669861,14052368384.0,0.025083187967538834
4.693894162244305e-10,0.9999998807907104,-0.9271200895309448,14052330496.0,0.025082958862185478
4.698899047639316e-10,0.9999998807907104,-0.9295049905776978,14052267008.0,0.025082726031541824
4.703903933034326e-10,0.9999998807907104,-0.9318242073059082,14052009984.0,0.02508244477212429
4.708908818429336e-10,0.9999998807907104,-0.934140682220459,14051757056.0,0.025082159787416458
4.713913703824346e-10,0.9999998807907104,-0.9364639520645142,14051495936.0,0.025081872940063477
4.718919144330869e-10,0.9999998807907104,-0.9387844800949097,14051239936.0,0.025081587955355644
4.723924029725879e-10,0.9999998807907104,-0.9411015510559082,14050983936.0,0.025081302970647812
4.728928915120889e-10,0.9999998807907104,-0.9434232711791992,14050721792.0,0.02508101984858513
4.733933800515899e-10,0.9999998807907104,-0.9457391500473022,14050480128.0,0.025080736726522446
4.73893868591091e-10,0.9999998807907104,-0.948061466217041,14050209792.0,0.025080453604459763
4.743944126417432e-10,0.9999998807907104,-0.9503801465034485,14049947648.0,0.025080174207687378
4.748949011812442e-10,0.9999998807907104,-0.9527000188827515,14049696768.0,0.0250798799097538
4.753953897207452e-10,0.9999998807907104,-0.9550207853317261,14049435648.0,0.025079604238271713
4.758958782602463e-10,0.9999998807907104,-0.957338809967041,14049177600.0,0.02507932297885418
4.763964223108985e-10,0.9999998807907104,-0.9596593379974365,14048923648.0,0.02507902681827545
4.768969108503995e-10,0.9999998807907104,-0.9619792103767395,14048661504.0,0.025078751146793365
4.773973993899006e-10,0.9999998807907104,-0.9642965793609619,14048411648.0,0.02507846988737583
4.778978879294016e-10,0.9999998807907104,-0.9666158556938171,14048152576.0,0.025078184902668
4.783983764689026e-10,0.9999998807907104,-0.9689372777938843,14047898624.0,0.025077898055315018
4.788989205195548e-10,0.9999998807907104,-0.9712561964988708,14047637504.0,0.025077613070607185
4.793994090590559e-10,0.9999998807907104,-0.9735770225524902,14047387648.0,0.02507733181118965
4.798998975985569e-10,0.9999998807907104,-0.9758971929550171,14047124480.0,0.02507704682648182
4.804003861380579e-10,0.9999998807907104,-0.9782142639160156,14046867456.0,0.025076759979128838
4.809008746775589e-10,0.9999998807907104,-0.9805347919464111,14046607360.0,0.025076471269130707
4.814014187282112e-10,0.9999998807907104,-0.9828537106513977,14046359552.0,0.025076190009713173
4.819019072677122e-10,0.9999998807907104,-0.9851738810539246,14046097408.0,0.02507590502500534
4.824023958072132e-10,0.9999998807907104,-0.9874913096427917,14045847552.0,0.025075625628232956
4.829028843467142e-10,0.9999998807907104,-0.9898130297660828,14045589504.0,0.025075338780879974
4.834034283973665e-10,0.9999998807907104,-0.992132306098938,14045329408.0,0.02507505565881729
4.839039169368675e-10,0.9999998807907104,-0.9944512248039246,14045075456.0,0.025074776262044907
4.844044054763685e-10,0.9999998807907104,-0.9967707991600037,14044817408.0,0.025074487552046776
4.849048940158696e-10,0.9999998807907104,-0.9990900158882141,14044559360.0,0.025074202567338943
4.854053825553706e-10,0.9999998807907104,-1.0014104843139648,14044309504.0,0.02507391944527626
4.859059266060228e-10,0.9999998807907104,-1.0037291049957275,14044040192.0,0.025073638185858727
4.864064151455239e-10,0.9999998807907104,-1.0060486793518066,14043786240.0,0.025073349475860596
4.869069036850249e-10,0.9999998807907104,-1.0083670616149902,14043533312.0,0.025073064491152763
4.874073922245259e-10,0.9999998807907104,-1.0106881856918335,14043268096.0,0.02507278136909008
4.879078807640269e-10,0.9999998807907104,-1.0130068063735962,14043023360.0,0.025072496384382248
4.884084248146792e-10,0.9999998807907104,-1.015326976776123,14042769408.0,0.025072211399674416
4.889089133541802e-10,0.9999998807907104,-1.017645239830017,14042503168.0,0.025071928277611732
4.894094018936812e-10,0.9999998807907104,-1.0199679136276245,14042243072.0,0.0250716432929039
4.899098904331822e-10,0.9999998807907104,-1.0222856998443604,14041985024.0,0.025071360170841217
4.904104344838345e-10,0.9999998807907104,-1.0246055126190186,14041731072.0,0.025071078911423683
4.909109230233355e-10,0.9999998807907104,-1.0269235372543335,14041475072.0,0.025070790201425552
4.914114115628365e-10,0.9999998807907104,-1.0292446613311768,14041212928.0,0.02507050707936287
4.919119001023375e-10,0.9999998807907104,-1.031562328338623,14040963072.0,0.025070222094655037
4.924123886418386e-10,0.9999998807907104,-1.0338828563690186,14040702976.0,0.02506994642317295
4.929129326924908e-10,0.9999998807907104,-1.0362026691436768,14040462336.0,0.025069652125239372
4.934134212319918e-10,0.9999998807907104,-1.0385241508483887,14040197120.0,0.02506936900317669
4.939139097714929e-10,0.9999998807907104,-1.040841817855835,14039932928.0,0.025069087743759155
4.944143983109939e-10,0.9999998807907104,-1.0431623458862305,14039674880.0,0.025068797171115875
4.949149423616461e-10,0.9999998807907104,-1.0454822778701782,14039429120.0,0.025068525224924088
4.954154309011471e-10,0.9999998807907104,-1.0478014945983887,14039164928.0,0.025068238377571106
4.959159194406482e-10,0.9999998807907104,-1.0501197576522827,14038901760.0,0.025067955255508423
4.964164079801492e-10,0.9999998807907104,-1.052440881729126,14038646784.0,0.025067660957574844
4.969168965196502e-10,0.9999998807907104,-1.0547583103179932,14038392832.0,0.02506737969815731
4.974174405703025e-10,0.9999998807907104,-1.057078242301941,14038140928.0,0.025067094713449478
4.979179291098035e-10,0.9999998807907104,-1.059396505355835,14037880832.0,0.025066815316677094
4.984184176493045e-10,0.9999998807907104,-1.0617185831069946,14037630976.0,0.025066526606678963
4.989189061888055e-10,0.9999998807907104,-1.0639883279800415,14037225472.0,0.025066331028938293
4.994193947283065e-10,0.9999998807907104,-1.0662541389465332,14036811776.0,0.025066150352358818
4.999199387789588e-10,0.9999998807907104,-1.0685176849365234,14036400128.0,0.025065956637263298
5.004204273184598e-10,0.9999998807907104,-1.0707834959030151,14035986432.0,0.02506577968597412
5.009209158579608e-10,0.9999998807907104,-1.0730504989624023,14035564544.0,0.025065584108233452
5.014214043974619e-10,0.9999998807907104,-1.0753155946731567,14035158016.0,0.02506539784371853
5.019219484481141e-10,0.9999998807907104,-1.0775789022445679,14034735104.0,0.025065213441848755
5.024224369876151e-10,0.9999998807907104,-1.079844355583191,14034334720.0,0.02506502903997898
5.029229255271161e-10,0.9999998807907104,-1.0821113586425781,14033913856.0,0.025064833462238312
5.034234140666172e-10,0.9999998807907104,-1.0843777656555176,14033504256.0,0.025064649060368538
5.039239026061182e-10,0.9999998807907104,-1.0866413116455078,14033090560.0,0.025064460933208466
5.044244466567704e-10,0.9999998807907104,-1.0889095067977905,14032674816.0,0.02506427653133869
5.049249351962715e-10,0.9999998807907104,-1.0911699533462524,14032263168.0,0.02506408840417862
5.054254237357725e-10,0.9999998807907104,-1.0934410095214844,14031855616.0,0.025063904002308846
5.059259122752735e-10,0.9999998807907104,-1.0957064628601074,14031435776.0,0.025063712149858475
5.064264008147745e-10,0.9999998807907104,-1.0979703664779663,14031028224.0,0.02506352588534355
5.069269448654268e-10,0.9999998807907104,-1.1002367734909058,14030620672.0,0.02506333962082863
5.074274334049278e-10,0.9999998807907104,-1.102500081062317,14030197760.0,0.025063157081604004
5.079279219444288e-10,0.9999998807907104,-1.1047648191452026,14029777920.0,0.025062967091798782
5.084284104839298e-10,0.9999998807907104,-1.1070306301116943,14029367296.0,0.02506278082728386
5.089289545345821e-10,0.9999998807907104,-1.109298825263977,14028961792.0,0.025062590837478638
5.094294430740831e-10,0.9999998807907104,-1.1115642786026,14028550144.0,0.025062404572963715
5.099299316135841e-10,0.9999998807907104,-1.1138279438018799,14028140544.0,0.02506222017109394
5.104304201530852e-10,0.9999998807907104,-1.116093635559082,14027720704.0,0.025062037631869316
5.109309086925862e-10,0.9999998807907104,-1.1183604001998901,14027302912.0,0.025061849504709244
5.114314527432384e-10,0.9999998807907104,-1.1206251382827759,14026896384.0,0.025061655789613724
5.119319412827394e-10,0.9999998807907104,-1.122890591621399,14026480640.0,0.02506147138774395
5.124324298222405e-10,0.9999998807907104,-1.1251569986343384,14026065920.0,0.025061290711164474
5.129329183617415e-10,0.9999998807907104,-1.127421259880066,14025645056.0,0.025061095133423805
5.134334069012425e-10,0.9999998807907104,-1.1296879053115845,14025234432.0,0.02506091259419918
5.139339509518948e-10,0.9999998807907104,-1.1319530010223389,14024829952.0,0.02506072074174881
5.144344394913958e-10,0.9999998807907104,-1.1342172622680664,14024404992.0,0.025060534477233887
5.149349280308968e-10,0.9999998807907104,-1.13648521900177,14023999488.0,0.025060348212718964
5.154354165703978e-10,0.9999998807907104,-1.1387475728988647,14023589888.0,0.025060158222913742
5.159359606210501e-10,0.9999998807907104,-1.141014814376831,14023172096.0,0.02505997195839882
5.164364491605511e-10,0.9999998807907104,-1.143280267715454,14022755328.0,0.025059780105948448
5.169369377000521e-10,0.9999998807907104,-1.1455460786819458,14022348800.0,0.02505960315465927
5.174374262395531e-10,0.9999998807907104,-1.1478127241134644,14021928960.0,0.025059420615434647
5.179379147790542e-10,0.9999998807907104,-1.150077223777771,14021522432.0,0.025059226900339127
5.184384588297064e-10,0.9999998807907104,-1.1523430347442627,14021107712.0,0.025059040635824203
5.189389473692074e-10,0.9999998807907104,-1.1546094417572021,14020692992.0,0.025058846920728683
5.194394359087084e-10,0.9999998807907104,-1.1568751335144043,14020276224.0,0.02505866065621376
5.199399244482095e-10,0.9999998807907104,-1.159139633178711,14019866624.0,0.025058474391698837
5.204404129877105e-10,0.9999998807907104,-1.1614038944244385,14019456000.0,0.025058288127183914
5.209409570383627e-10,0.9999998807907104,-1.1636714935302734,14019041280.0,0.025058098137378693
5.214414455778638e-10,0.9999998807907104,-1.1659363508224487,14018619392.0,0.025057917460799217
5.219419341173648e-10,0.9999998807907104,-1.1682014465332031,14018212864.0,0.025057725608348846
5.224424226568658e-10,1.0,-1.1704678535461426,14017802240.0,0.025057543069124222
5.229429667075181e-10,1.0,-1.1727335453033447,14017385472.0,0.02505735121667385
5.234434552470191e-10,1.0,-1.1749966144561768,14016972800.0,0.025057168677449226
5.239439437865201e-10,1.0,-1.177262306213379,14016557056.0,0.025056980550289154
5.244444323260211e-10,1.0,-1.1795302629470825,14016154624.0,0.02505679987370968
5.249449208655221e-10,1.0,-1.1817947626113892,14015735808.0,0.025056608021259308
5.254454649161744e-10,1.0,-1.184058666229248,14015316992.0,0.02505641244351864
5.259459534556754e-10,1.0,-1.1863256692886353,14014906368.0,0.02505624108016491
5.264464419951764e-10,1.0,-1.188591718673706,14014492672.0,0.02505604922771454
5.269469305346774e-10,1.0,-1.1908552646636963,14014084096.0,0.025055857375264168
5.274474745853297e-10,1.0,-1.1931239366531372,14013668352.0,0.025055672973394394
5.279479631248307e-10,1.0,-1.1953890323638916,14013257728.0,0.02505548670887947
5.284484516643317e-10,1.0,-1.197653889656067,14012843008.0,0.0250552985817194
5.289489402038328e-10,1.0,-1.1999186277389526,14012430336.0,0.025055110454559326
5.294494287433338e-10,1.0,-1.202184796333313,14012019712.0,0.025054920464754105
5.29949972793986e-10,1.0,-1.2044498920440674,14011599872.0,0.025054732337594032
5.304504613334871e-10,1.0,-1.206716537475586,14011185152.0,0.02505454793572426
5.309509498729881e-10,1.0,-1.2089823484420776,14010781696.0,0.025054357945919037
5.314514384124891e-10,1.0,-1.211247444152832,14010359808.0,0.02505417726933956
5.319519269519901e-10,1.0,-1.213512897491455,14009958400.0,0.02505398355424404
5.324524710026424e-10,1.0,-1.2157764434814453,14009540608.0,0.025053802877664566
5.329529595421434e-10,1.0,-1.218042254447937,14009119744.0,0.025053618475794792
5.334534480816444e-10,1.0,-1.2203080654144287,14008710144.0,0.025053422898054123
5.339539366211454e-10,1.0,-1.2225747108459473,14008301568.0,0.025053242221474648
5.344544806717977e-10,1.0,-1.2248395681381226,14007879680.0,0.025053054094314575
5.349549692112987e-10,1.0,-1.2271037101745605,14007468032.0,0.025052865967154503
5.354554577507997e-10,1.0,-1.2293689250946045,14007056384.0,0.02505267783999443
5.359559462903007e-10,1.0,-1.2316340208053589,14006641664.0,0.025052491575479507
5.364564348298018e-10,1.0,-1.233899474143982,14006227968.0,0.025052303448319435
5.36956978880454e-10,1.0,-1.2361655235290527,14005819392.0,0.02505212277173996
5.37457467419955e-10,1.0,-1.2384328842163086,14005405696.0,0.025051932781934738
5.379579559594561e-10,1.0,-1.2406970262527466,14004989952.0,0.025051746517419815
5.384584444989571e-10,1.0,-1.2429609298706055,14004576256.0,0.025051552802324295
5.389589330384581e-10,1.0,-1.2448705434799194,14003848192.0,0.025051571428775787
5.394594770891104e-10,1.0,-1.2467460632324219,14003107840.0,0.025051606819033623
5.399599656286114e-10,1.0,-1.2486251592636108,14002345984.0,0.025051645934581757
5.404604541681124e-10,1.0,-1.2505003213882446,14001603584.0,0.025051679462194443
5.409609427076134e-10,1.0,-1.252378225326538,14000855040.0,0.025051720440387726
5.414614867582657e-10,1.0,-1.2542564868927002,14000102400.0,0.025051753968000412
5.419619752977667e-10,1.0,-1.2561362981796265,13999352832.0,0.025051787495613098
5.424624638372677e-10,1.0,-1.2580113410949707,13998600192.0,0.02505182847380638
5.429629523767687e-10,1.0,-1.2598884105682373,13997852672.0,0.025051871314644814
5.434634409162697e-10,1.0,-1.2617634534835815,13997100032.0,0.02505190297961235
5.43963984966922e-10,1.0,-1.2636420726776123,13996351488.0,0.02505192905664444
5.44464473506423e-10,1.0,-1.265515923500061,13995606016.0,0.02505197562277317
5.44964962045924e-10,1.0,-1.267394781112671,13994847232.0,0.025052007287740707
5.454654505854251e-10,1.0,-1.269271731376648,13994092544.0,0.025052044540643692
5.459659391249261e-10,1.0,-1.2711502313613892,13993347072.0,0.025052079930901527
5.464664831755783e-10,1.0,-1.2730275392532349,13992588288.0,0.02505211904644966
5.469669717150794e-10,1.0,-1.2749032974243164,13991845888.0,0.025052154436707497
5.474674602545804e-10,1.0,-1.2767809629440308,13991101440.0,0.025052186101675034
5.479679487940814e-10,1.0,-1.27865731716156,13990350848.0,0.025052227079868317
5.484684928447336e-10,1.0,-1.280534029006958,13989588992.0,0.0250522643327713
5.489689813842347e-10,1.0,-1.2824127674102783,13988849664.0,0.02505229413509369
5.494694699237357e-10,1.0,-1.2842894792556763,13988098048.0,0.025052331387996674
5.499699584632367e-10,1.0,-1.2861661911010742,13987344384.0,0.02505236305296421
5.504704470027377e-10,1.0,-1.28804349899292,13986596864.0,0.02505240961909294
5.5097099105339e-10,1.0,-1.2899202108383179,13985852416.0,0.025052443146705627
5.51471479592891e-10,1.0,-1.2917965650558472,13985095680.0,0.025052476674318314
5.51971968132392e-10,1.0,-1.2936747074127197,13984337920.0,0.02505251206457615
5.52472456671893e-10,1.0,-1.2955527305603027,13983592448.0,0.025052543729543686
5.529730007225453e-10,1.0,-1.297431468963623,13982844928.0,0.02505258098244667
5.534734892620463e-10,1.0,-1.2993056774139404,13982092288.0,0.025052625685930252
5.539739778015473e-10,1.0,-1.301182746887207,13981329408.0,0.025052659213542938
5.544744663410484e-10,1.0,-1.3030591011047363,13980595200.0,0.025052692741155624
5.549749548805494e-10,1.0,-1.304936408996582,13979846656.0,0.025052731856703758
5.554754989312016e-10,1.0,-1.306811809539795,13979069440.0,0.0250527486205101
5.559759874707026e-10,1.0,-1.308683156967163,13978232832.0,0.025052661076188087
5.564764760102037e-10,1.0,-1.3105521202087402,13977372672.0,0.025052575394511223
5.569769645497047e-10,1.0,-1.3124228715896606,13976524800.0,0.025052491575479507
5.574774530892057e-10,1.0,-1.3142911195755005,13975678976.0,0.025052402168512344
5.57977997139858e-10,1.0,-1.3161591291427612,13974822912.0,0.02505231648683548
5.58478485679359e-10,1.0,-1.3180302381515503,13973976064.0,0.025052232667803764
5.5897897421886e-10,1.0,-1.3198984861373901,13973118976.0,0.025052141398191452
5.59479462758361e-10,1.0,-1.3217661380767822,13972263936.0,0.02505205199122429
5.599800068090133e-10,1.0,-1.3236393928527832,13971424256.0,0.025051964446902275
5.604804953485143e-10,1.0,-1.325507402420044,13970569216.0,0.025051884353160858
5.609809838880153e-10,1.0,-1.327375054359436,13969710080.0,0.025051793083548546
5.614814724275163e-10,1.0,-1.3292485475540161,13968863232.0,0.025051716715097427
5.619819609670174e-10,1.0,-1.331114649772644,13968019456.0,0.025051623582839966
5.624825050176696e-10,1.0,-1.3329826593399048,13967157248.0,0.02505153976380825
5.629829935571706e-10,1.0,-1.3348515033721924,13966299136.0,0.025051452219486237
5.634834820966717e-10,1.0,-1.336721658706665,13965454336.0,0.025051360949873924
5.639839706361727e-10,1.0,-1.3385939598083496,13964610560.0,0.02505127340555191
5.644844591756737e-10,1.0,-1.3404594659805298,13963745280.0,0.025051183998584747
5.649850032263259e-10,1.0,-1.3423293828964233,13962902528.0,0.02505110576748848
5.65485491765827e-10,1.0,-1.3441991806030273,13962046464.0,0.025051014497876167
5.65985980305328e-10,1.0,-1.3460689783096313,13961198592.0,0.025050926953554153
5.66486468844829e-10,1.0,-1.3479372262954712,13960343552.0,0.02505083940923214
5.669870128954813e-10,1.0,-1.349808692932129,13959493632.0,0.025050751864910126
5.674875014349823e-10,1.0,-1.3516757488250732,13958647808.0,0.02505066618323326
5.679879899744833e-10,1.0,-1.3535451889038086,13957789696.0,0.025050578638911247
5.684884785139843e-10,1.0,-1.3554174900054932,13956930560.0,0.025050489231944084
5.689889670534853e-10,1.0,-1.3572839498519897,13956087808.0,0.025050407275557518
5.694895111041376e-10,1.0,-1.3591516017913818,13955240960.0,0.025050323456525803
5.699899996436386e-10,1.0,-1.361022710800171,13954390016.0,0.025050239637494087
5.704904881831396e-10,1.0,-1.3628922700881958,13953534976.0,0.025050150230526924
5.709909767226407e-10,1.0,-1.364762306213379,13952688128.0,0.025050057098269463
5.714914652621417e-10,1.0,-1.3666309118270874,13951825920.0,0.025049973279237747
5.719920093127939e-10,1.0,-1.3685020208358765,13950973952.0,0.025049883872270584
5.724924978522949e-10,1.0,-1.370368480682373,13950120960.0,0.025049803778529167
5.72992986391796e-10,1.0,-1.3722376823425293,13949271040.0,0.025049719959497452
5.73493474931297e-10,1.0,-1.374107837677002,13948426240.0,0.02504962868988514
5.739940189819492e-10,1.0,-1.3759779930114746,13947576320.0,0.025049541145563126
5.744945075214503e-10,1.0,-1.3778481483459473,13946721280.0,0.025049451738595963
5.749949960609513e-10,1.0,-1.3797166347503662,13945869312.0,0.0250493623316288
5.754954846004523e-10,1.0,-1.3815855979919434,13945026560.0,0.025049280375242233
5.759959731399533e-10,1.0,-1.3834547996520996,13944160256.0,0.025049196556210518
5.764965171906056e-10,1.0,-1.3853236436843872,13943320576.0,0.025049105286598206
5.769970057301066e-10,1.0,-1.3871947526931763,13942466560.0,0.02504902333021164
5.774974942696076e-10,1.0,-1.3890618085861206,13941613568.0,0.02504892833530903
5.779979828091086e-10,1.0,-1.3909313678741455,13940762624.0,0.025048842653632164
5.784984713486097e-10,1.0,-1.3928027153015137,13939903488.0,0.02504875883460045
5.789990153992619e-10,1.0,-1.39467191696167,13939050496.0,0.02504868060350418
5.794995039387629e-10,1.0,-1.396539568901062,13938206720.0,0.02504858560860157
5.799999924782639e-10,1.0,-1.3984097242355347,13937346560.0,0.025048494338989258
