C2,sigma,Gain,BW,Power
4.99999991225835e-14,0.9999985694885254,3.8600404262542725,25079160832.0,0.025038765743374825
5.02502499246521e-14,0.9999985694885254,3.8532447814941406,25041182720.0,0.025039220228791237
5.05005007267207e-14,0.9999985694885254,3.846452236175537,25003208704.0,0.02503967098891735
5.07507515287893e-14,0.9999985694885254,3.8396570682525635,24965230592.0,0.025040127336978912
5.10010023308579e-14,0.9999985694885254,3.83286452293396,24927260672.0,0.02504057064652443
5.125124974479471e-14,0.9999985694885254,3.826070785522461,24889284608.0,0.025041023269295692
5.150150054686331e-14,0.9999986886978149,3.8192784786224365,24851302400.0,0.025041481480002403
5.175175134893191e-14,0.9999986886978149,3.812483787536621,24813326336.0,0.025041930377483368
5.200200215100051e-14,0.9999986886978149,3.805691719055176,24775352320.0,0.02504238486289978
5.225225295306911e-14,0.9999986886978149,3.7988994121551514,24737374208.0,0.025042831897735596
5.250250375513771e-14,0.9999986886978149,3.792104721069336,24699398144.0,0.025043288245797157
5.275275116907452e-14,0.9999986886978149,3.785311222076416,24661426176.0,0.02504373900592327
5.300300197114312e-14,0.9999986886978149,3.7785167694091797,24623443968.0,0.025044191628694534
5.325325277321172e-14,0.9999986886978149,3.771723985671997,24585469952.0,0.0250446405261755
5.350350357528032e-14,0.9999986886978149,3.7649290561676025,24547491840.0,0.02504509687423706
5.3753754377348917e-14,0.9999986886978149,3.7581369876861572,24509521920.0,0.025045545771718025
5.4004005179417516e-14,0.9999986886978149,3.7512223720550537,24472168448.0,0.025046152994036674
5.4254252593354327e-14,0.9999986886978149,3.7442972660064697,24434880512.0,0.025046763941645622
5.4504503395422926e-14,0.9999986886978149,3.7373712062835693,24397594624.0,0.025047382339835167
5.4754754197491526e-14,0.9999986886978149,3.73044753074646,24360306688.0,0.025047995150089264
5.5005004999560125e-14,0.9999986886978149,3.7235214710235596,24323024896.0,0.02504861168563366
5.5255255801628725e-14,0.9999986886978149,3.7165963649749756,24285736960.0,0.025049226358532906
5.5505506603697324e-14,0.9999986886978149,3.709669589996338,24248453120.0,0.0250498466193676
5.5755757405765924e-14,0.9999986886978149,3.702742338180542,24211173376.0,0.025050457566976547
5.6006004819702734e-14,0.9999986886978149,3.6958179473876953,24173887488.0,0.025051075965166092
5.6256255621771334e-14,0.9999986886978149,3.6888411045074463,24136374272.0,0.02505188249051571
5.6506506423839933e-14,0.9999986886978149,3.681830406188965,24098709504.0,0.025052806362509727
5.675675722590853e-14,0.9999986886978149,3.6748223304748535,24061054976.0,0.025053730234503746
5.700700463984534e-14,0.9999986886978149,3.667811155319214,24023400448.0,0.025054659694433212
5.725725883004573e-14,0.9999986886978149,3.6608026027679443,23985747968.0,0.02505558356642723
5.750750624398254e-14,0.9999986886978149,3.6537926197052,23948087296.0,0.025056514889001846
5.775776043418293e-14,0.9999986886978149,3.646782875061035,23910432768.0,0.025057438760995865
5.800800784811974e-14,0.9999986886978149,3.6397738456726074,23872761856.0,0.025058366358280182
5.825825526205655e-14,0.9999986886978149,3.6327648162841797,23835103232.0,0.02505929209291935
5.850850945225694e-14,0.9999986886978149,3.62575626373291,23797450752.0,0.025060217827558517
5.875875686619375e-14,0.9999986886978149,3.618744373321533,23759794176.0,0.025061141699552536
5.900901105639414e-14,0.9999986886978149,3.611736297607422,23722127360.0,0.025062069296836853
5.925925847033095e-14,0.9999986886978149,3.6047255992889404,23684472832.0,0.02506299689412117
5.950951266053134e-14,0.9999986886978149,3.5977163314819336,23646814208.0,0.02506392076611519
5.975976007446815e-14,0.9999986886978149,3.590707540512085,23609149440.0,0.025064850226044655
6.001000748840496e-14,0.9999986886978149,3.583697557449341,23571501056.0,0.025065774098038673
6.026026167860535e-14,0.9999986886978149,3.5766866207122803,23533838336.0,0.025066707283258438
6.051050909254216e-14,0.9999988079071045,3.5696792602539062,23496179712.0,0.02506762556731701
6.076076328274255e-14,0.9999988079071045,3.5626673698425293,23458525184.0,0.025068553164601326
6.101101069667936e-14,0.9999988079071045,3.5556609630584717,23420862464.0,0.025069477036595345
6.126125811061617e-14,0.9999988079071045,3.548649549484253,23383203840.0,0.025070402771234512
6.151151230081656e-14,0.9999988079071045,3.541640520095825,23345549312.0,0.025071334093809128
6.176175971475337e-14,0.9999988079071045,3.5346314907073975,23307890688.0,0.025072257965803146
6.201201390495376e-14,0.9999988079071045,3.5276496410369873,23270301696.0,0.025073200464248657
6.226226131889057e-14,0.9999988079071045,3.5207912921905518,23233064960.0,0.02507421001791954
6.251251550909095e-14,0.9999988079071045,3.5139341354370117,23195815936.0,0.025075221434235573
6.276276292302777e-14,0.9999988079071045,3.507077932357788,23158575104.0,0.025076232850551605
6.301301033696458e-14,0.9999988079071045,3.5002212524414062,23121330176.0,0.025077247992157936
6.326326452716496e-14,0.9999988079071045,3.493593454360962,23086751744.0,0.025077834725379944
6.351351194110177e-14,0.9999988079071045,3.4871013164520264,23053744128.0,0.025078168138861656
6.376376613130216e-14,0.9999988079071045,3.4806084632873535,23020746752.0,0.025078507140278816
6.401401354523897e-14,0.9999988079071045,3.4741158485412598,22987745280.0,0.025078851729631424
6.426426095917578e-14,0.9999988079071045,3.467622756958008,22954743808.0,0.025079183280467987
6.451451514937617e-14,0.9999988079071045,3.4611308574676514,22921742336.0,0.025079522281885147
6.476476256331298e-14,0.9999988079071045,3.4546375274658203,22888740864.0,0.02507985569536686
6.501501675351337e-14,0.9999988079071045,3.4481451511383057,22855737344.0,0.025080204010009766
6.526526416745018e-14,0.9999988079071045,3.441655158996582,22822739968.0,0.025080537423491478
6.551551835765057e-14,0.9999988079071045,3.435161590576172,22789734400.0,0.02508087269961834
6.576576577158738e-14,0.9999988079071045,3.428670644760132,22756737024.0,0.02508120983839035
6.601601318552419e-14,0.9999988079071045,3.422175168991089,22723731456.0,0.02508154697716236
6.626626737572458e-14,0.9999988079071045,3.415684461593628,22690734080.0,0.025081882253289223
6.651651478966139e-14,0.9999988079071045,3.4091920852661133,22657728512.0,0.025082223117351532
6.676676897986178e-14,0.9999988079071045,3.4026989936828613,22624722944.0,0.02508256956934929
6.701701639379859e-14,0.9999988079071045,3.3962063789367676,22591717376.0,0.025082902982831
6.726727058399898e-14,0.9999988079071045,3.389713764190674,22558724096.0,0.02508324384689331
6.751751799793579e-14,0.9999988079071045,3.38322114944458,22525714432.0,0.02508358098566532
6.77677654118726e-14,0.9999988079071045,3.3767287731170654,22492723200.0,0.02508392184972763
6.801801960207299e-14,0.9999988079071045,3.37023663520813,22459715584.0,0.02508426085114479
6.82682670160098e-14,0.9999988079071045,3.3637444972991943,22426710016.0,0.0250845979899168
6.851852120621019e-14,0.9999988079071045,3.3572497367858887,22393704448.0,0.025084935128688812
6.8768768620147e-14,0.9999988079071045,3.3507590293884277,22360707072.0,0.025085270404815674
6.901901603408381e-14,0.9999988079071045,3.344265937805176,22327705600.0,0.025085611268877983
6.92692702242842e-14,0.9999988079071045,3.3377764225006104,22294710272.0,0.025085948407649994
6.951951763822101e-14,0.9999988079071045,3.331350803375244,22263390208.0,0.025085799396038055
6.97697718284214e-14,0.9999988079071045,3.3249707221984863,22233047040.0,0.02508535608649254
7.00200192423582e-14,0.9999988079071045,3.3185904026031494,22202707968.0,0.02508491836488247
7.02702734325586e-14,0.9999988079071045,3.3122079372406006,22172381184.0,0.02508447878062725
7.05205208464954e-14,0.999998927116394,3.3058254718780518,22142054400.0,0.025084052234888077
7.077076826043222e-14,0.999998927116394,3.2994465827941895,22111705088.0,0.02508360706269741
7.10210224506326e-14,0.999998927116394,3.2928459644317627,22082482176.0,0.025083253160119057
7.127126986456941e-14,0.999998927116394,3.2859222888946533,22054920192.0,0.0250830240547657
7.15215240547698e-14,0.999998927116394,3.2789971828460693,22027350016.0,0.025082789361476898
7.177177146870661e-14,0.999998927116394,3.2720727920532227,21999788032.0,0.025082550942897797
7.202201888264342e-14,0.999998927116394,3.2651469707489014,21972217856.0,0.02508232370018959
7.227227307284381e-14,0.999998927116394,3.258220911026001,21944651776.0,0.025082089006900787
7.252252048678062e-14,0.999998927116394,3.251296281814575,21917091840.0,0.025081850588321686
7.277277467698101e-14,0.999998927116394,3.2443735599517822,21889527808.0,0.02508161962032318
7.302302209091782e-14,0.999998927116394,3.2374472618103027,21861961728.0,0.02508138120174408
7.327327628111821e-14,0.999998927116394,3.2305233478546143,21834399744.0,0.025081148371100426
7.352352369505502e-14,0.999998927116394,3.223597526550293,21806821376.0,0.025080911815166473
7.377377110899183e-14,0.999998927116394,3.2166731357574463,21779267584.0,0.025080684572458267
7.402402529919222e-14,0.999998927116394,3.209747314453125,21751697408.0,0.025080444291234016
7.427427271312903e-14,0.999998927116394,3.202821969985962,21724131328.0,0.02508021891117096
7.452452690332942e-14,0.999998927116394,3.195896625518799,21696563200.0,0.025079986080527306
7.477477431726623e-14,0.999998927116394,3.1889748573303223,21668966400.0,0.025079766288399696
7.502502173120304e-14,0.999998927116394,3.182060718536377,21641220096.0,0.025079617276787758
7.527527592140343e-14,0.999998927116394,3.175145149230957,21613465600.0,0.02507946453988552
7.552552333534024e-14,0.999998927116394,3.168233871459961,21585715200.0,0.025079309940338135
7.577577752554063e-14,0.999998927116394,3.16131854057312,21557962752.0,0.025079160928726196
7.602602493947744e-14,0.999998927116394,3.1544063091278076,21530210304.0,0.025079013779759407
7.627627912967783e-14,0.999998927116394,3.147493362426758,21502459904.0,0.02507885918021202
7.652652654361464e-14,0.999998927116394,3.1403985023498535,21474574336.0,0.025078600272536278
7.677677395755145e-14,0.999998927116394,3.1331827640533447,21446590464.0,0.025078270584344864
7.702702814775184e-14,0.999998927116394,3.125964403152466,21418614784.0,0.0250779390335083
7.727727556168865e-14,0.999998927116394,3.118746519088745,21390626816.0,0.02507760375738144
7.752752975188903e-14,0.999998927116394,3.1108314990997314,21367595008.0,0.025078579783439636
7.777777716582585e-14,0.999998927116394,3.102914810180664,21344585728.0,0.025079552084207535
7.802803135602623e-14,0.999998927116394,3.094998836517334,21321576448.0,0.025080528110265732
7.827827876996304e-14,0.999998927116394,3.0870840549468994,21298565120.0,0.02508150413632393
7.852852618389985e-14,0.999998927116394,3.079167127609253,21275549696.0,0.025082485750317574
7.877878037410024e-14,0.999998927116394,3.0712499618530273,21252542464.0,0.02508346177637577
7.902902778803705e-14,0.999998927116394,3.0633320808410645,21229522944.0,0.025084439665079117
7.927928197823744e-14,0.999998927116394,3.0554144382476807,21206523904.0,0.025085415691137314
7.952952939217425e-14,0.999998927116394,3.047498941421509,21183506432.0,0.02508639544248581
7.977977680611106e-14,0.999998927116394,3.039583683013916,21160503296.0,0.025087371468544006
8.003003099631145e-14,0.999998927116394,3.0316672325134277,21137494016.0,0.025088341906666756
8.028027841024826e-14,0.999998927116394,3.0237503051757812,21114486784.0,0.025089330971240997
8.053053260044865e-14,0.999998927116394,3.015833854675293,21091467264.0,0.025090299546718597
8.078078001438546e-14,0.999998927116394,3.00791597366333,21068455936.0,0.02509128302335739
8.103103420458585e-14,0.999998927116394,2.999999761581421,21045444608.0,0.025092262774705887
8.128128161852266e-14,0.9999990463256836,2.9920833110809326,21022437376.0,0.025093240663409233
8.153152903245947e-14,0.9999990463256836,2.9841654300689697,20999430144.0,0.02509421296417713
8.178178322265986e-14,0.9999990463256836,2.9762489795684814,20976418816.0,0.025095190852880478
8.203203063659667e-14,0.9999990463256836,2.9683315753936768,20953403392.0,0.025096168741583824
8.228228482679706e-14,0.9999990463256836,2.960416555404663,20930392064.0,0.02509715035557747
8.253253224073387e-14,0.9999990463256836,2.952500343322754,20907384832.0,0.025098126381635666
8.278277965467068e-14,0.9999990463256836,2.9445841312408447,20884373504.0,0.025099102407693863
8.303303384487107e-14,0.9999990463256836,2.936663866043091,20861362176.0,0.02510008215904236
8.328328125880788e-14,0.9999990463256836,2.9287478923797607,20838359040.0,0.025101052597165108
8.353353544900827e-14,0.9999990463256836,2.9208333492279053,20815347712.0,0.025102030485868454
8.378378286294508e-14,0.9999990463256836,2.9129140377044678,20792338432.0,0.0251030120998621
8.403403705314547e-14,0.9999990463256836,2.904999256134033,20769325056.0,0.025103988125920296
8.428428446708228e-14,0.9999990463256836,2.897082805633545,20746317824.0,0.02510496973991394
8.453453188101909e-14,0.9999990463256836,2.8891665935516357,20723300352.0,0.025105945765972137
8.478478607121948e-14,0.9999990463256836,2.88124942779541,20700286976.0,0.025106921792030334
8.503503348515629e-14,0.9999990463256836,2.8733320236206055,20677283840.0,0.025107890367507935
8.528528767535667e-14,0.9999990463256836,2.865415096282959,20654264320.0,0.025108875706791878
8.553553508929349e-14,0.9999990463256836,2.8574981689453125,20631248896.0,0.025109849870204926
8.57857825032303e-14,0.9999990463256836,2.8495843410491943,20608245760.0,0.02511083520948887
8.603603669343068e-14,0.9999990463256836,2.8416645526885986,20585238528.0,0.025111807510256767
8.62862841073675e-14,0.9999990463256836,2.8338444232940674,20561926144.0,0.025112615898251534
8.653653829756788e-14,0.9999990463256836,2.8261122703552246,20538359808.0,0.025113273411989212
8.678678571150469e-14,0.9999990463256836,2.8183789253234863,20514783232.0,0.02511392906308174
8.703703990170508e-14,0.9999990463256836,2.8106448650360107,20491210752.0,0.02511458471417427
8.728728731564189e-14,0.9999990463256836,2.8029122352600098,20467646464.0,0.025115229189395905
8.75375347295787e-14,0.9999990463256836,2.795182228088379,20444069888.0,0.025115881115198135
8.778778891977909e-14,0.9999990463256836,2.7874481678009033,20420505600.0,0.02511654794216156
8.80380363337159e-14,0.9999990463256836,2.779712200164795,20396933120.0,0.025117196142673492
8.828829052391629e-14,0.9999990463256836,2.771982192993164,20373352448.0,0.025117846205830574
8.85385379378531e-14,0.9999990463256836,2.7642476558685303,20349784064.0,0.025118503719568253
8.878879212805349e-14,0.9999990463256836,2.7565159797668457,20326209536.0,0.02511916309595108
8.90390395419903e-14,0.9999990463256836,2.7487809658050537,20302643200.0,0.02511981688439846
8.928928695592711e-14,0.9999990463256836,2.7410502433776855,20279070720.0,0.02512046881020069
8.95395411461275e-14,0.9999990463256836,2.733315944671631,20255498240.0,0.02512112259864807
8.978978856006431e-14,0.9999990463256836,2.7255806922912598,20231919616.0,0.0251217782497406
9.00400427502647e-14,0.9999990463256836,2.717850923538208,20208349184.0,0.025122428312897682
9.029029016420151e-14,0.9999990463256836,2.710118532180786,20184778752.0,0.02512308582663536
9.054053757813832e-14,0.9999990463256836,2.7023837566375732,20161212416.0,0.02512373961508274
9.079079176833871e-14,0.9999990463256836,2.6946516036987305,20137639936.0,0.02512439712882042
9.104103918227552e-14,0.9999990463256836,2.6869454383850098,20114003968.0,0.02512507699429989
9.129129337247591e-14,0.9999990463256836,2.6792798042297363,20090273792.0,0.025125816464424133
9.154154078641272e-14,0.9999990463256836,2.6716160774230957,20066549760.0,0.02512655220925808
9.17917949766131e-14,0.9999990463256836,2.6639535427093506,20042813440.0,0.025127284228801727
9.204204239054992e-14,0.9999990463256836,2.65628981590271,20019087360.0,0.025128019973635674
9.229228980448673e-14,0.9999990463256836,2.648624897003174,19995365376.0,0.025128765031695366
9.254254399468712e-14,0.9999990463256836,2.6412010192871094,19973783552.0,0.025128699839115143
9.279279140862393e-14,0.9999990463256836,2.633821964263916,19952605184.0,0.025128494948148727
9.304304559882431e-14,0.9999990463256836,2.6264405250549316,19931430912.0,0.025128290057182312
9.329329301276112e-14,0.9999991655349731,2.6190614700317383,19910250496.0,0.025128090754151344
9.354354042669794e-14,0.9999991655349731,2.6116812229156494,19889068032.0,0.025127887725830078
9.379379461689832e-14,0.9999991655349731,2.6043007373809814,19867889664.0,0.025127680972218513
9.404404203083513e-14,0.9999991655349731,2.5969200134277344,19846713344.0,0.025127476081252098
9.429429622103552e-14,0.9999991655349731,2.589543581008911,19825539072.0,0.025127271190285683
9.454454363497233e-14,0.9999991655349731,2.5821619033813477,19804352512.0,0.025127068161964417
9.479479782517272e-14,0.9999991655349731,2.574782609939575,19783176192.0,0.025126861408352852
9.504504523910953e-14,0.9999991655349731,2.56740403175354,19761999872.0,0.025126660242676735
9.529529265304634e-14,0.9999991655349731,2.560023546218872,19740823552.0,0.02512645348906517
9.554554684324673e-14,0.9999991655349731,2.5526437759399414,19719647232.0,0.025126248598098755
9.579579425718354e-14,0.9999991655349731,2.5452637672424316,19698470912.0,0.02512603998184204
9.604604844738393e-14,0.9999991655349731,2.5378828048706055,19677290496.0,0.025125844404101372
9.629629586132074e-14,0.9999991655349731,2.5305018424987793,19656114176.0,0.025125637650489807
9.654654327525755e-14,0.9999991655349731,2.5231242179870605,19634941952.0,0.025125429034233093
9.679679746545794e-14,0.9999991655349731,2.515744686126709,19613751296.0,0.02512522228062153
9.704704487939475e-14,0.9999991655349731,2.5083649158477783,19592577024.0,0.02512502297759056
9.729729906959514e-14,0.9999991655349731,2.500983715057373,19571394560.0,0.025124825537204742
9.754754648353195e-14,0.9999991655349731,2.4936044216156006,19550224384.0,0.02512461505830288
9.779780067373234e-14,0.9999991655349731,2.486225128173828,19529041920.0,0.025124410167336464
9.804804808766915e-14,0.9999991655349731,2.478851556777954,19507871744.0,0.0251241996884346
9.829829550160596e-14,0.9999991655349731,2.4715943336486816,19486746624.0,0.0251239575445652
9.854854969180635e-14,0.9999991655349731,2.464340925216675,19465613312.0,0.02512372098863125
9.879879710574316e-14,0.9999991655349731,2.457084894180298,19444486144.0,0.0251234732568264
9.904905129594355e-14,0.9999991655349731,2.4498300552368164,19423363072.0,0.02512323297560215
9.929929870988036e-14,0.9999991655349731,2.442573070526123,19402235904.0,0.02512298710644245
9.954955290008075e-14,0.9999991655349731,2.4353208541870117,19381102592.0,0.025122743099927902
9.979980031401756e-14,0.9999991655349731,2.4281251430511475,19359834112.0,0.02512243762612343
1.0005004772795437e-13,0.9999991655349731,2.420928478240967,19338561536.0,0.025122134014964104
1.0030030191815476e-13,0.9999991655349731,2.4137306213378906,19317280768.0,0.025121841579675674
1.0055054933209157e-13,0.9999991655349731,2.406536102294922,19295997952.0,0.025121530517935753
1.0080080352229195e-13,0.9999991655349731,2.399336338043213,19274735616.0,0.025121232494711876
1.0105105093622876e-13,0.9999991655349731,2.392141103744507,19253465088.0,0.02512093260884285
1.0130129835016558e-13,0.9999991655349731,2.3849427700042725,19232190464.0,0.025120634585618973
1.0155155254036596e-13,0.9999991655349731,2.3777456283569336,19210919936.0,0.025120332837104797
1.0180179995430277e-13,0.9999991655349731,2.37054705619812,19189647360.0,0.025120029225945473
1.0205205414450316e-13,0.9999991655349731,2.363351821899414,19168368640.0,0.025119727477431297
1.0230230155843997e-13,0.9999991655349731,2.356154203414917,19147096064.0,0.025119423866271973
1.0255255574864036e-13,0.9999991655349731,2.348956823348999,19125817344.0,0.025119122117757797
1.0280280316257717e-13,0.9999991655349731,2.3417603969573975,19104546816.0,0.02511882409453392
1.0305305057651398e-13,0.9999991655349731,2.3345630168914795,19083274240.0,0.025118518620729446
1.0330330476671437e-13,0.9999991655349731,2.327366352081299,19061999616.0,0.025118228048086166
1.0355355218065118e-13,0.9999991655349731,2.320169687271118,19040727040.0,0.025117920711636543
1.0380380637085157e-13,0.9999991655349731,2.3129708766937256,19019456512.0,0.025117620825767517
1.0405405378478838e-13,0.9999991655349731,2.305774211883545,18998190080.0,0.025117317214608192
1.0430430119872519e-13,0.9999991655349731,2.298577070236206,18976915456.0,0.025117024779319763
1.0455455538892558e-13,0.9999991655349731,2.2913804054260254,18955640832.0,0.02511671744287014
1.0480480280286239e-13,0.9999991655349731,2.284184217453003,18934366208.0,0.025116415694355965
1.0505505699306278e-13,0.9999991655349731,2.276986598968506,18913091584.0,0.025116117671132088
1.0530530440699959e-13,0.9999991655349731,2.2697882652282715,18891821056.0,0.025115810334682465
1.0555555859719998e-13,0.9999991655349731,2.2625932693481445,18870542336.0,0.025115514174103737
1.0580580601113679e-13,0.9999991655349731,2.2553961277008057,18849269760.0,0.02511521242558956
1.060560534250736e-13,0.9999991655349731,2.248197555541992,18827993088.0,0.025114912539720535
1.0630630761527399e-13,0.9999992847442627,2.2410025596618652,18806720512.0,0.02511460892856121
1.065565550292108e-13,0.9999992847442627,2.2338039875030518,18785454080.0,0.025114310905337334
1.0680680921941119e-13,0.9999992847442627,2.226606607437134,18764171264.0,0.025114009156823158
1.07057056633348e-13,0.9999992847442627,2.2194082736968994,18742902784.0,0.025113705545663834
1.0730730404728481e-13,0.9999992847442627,2.2122132778167725,18721632256.0,0.025113405659794807
1.075575582374852e-13,0.9999992847442627,2.2050156593322754,18700353536.0,0.02511310577392578
1.07807805651422e-13,0.9999992847442627,2.1978187561035156,18679072768.0,0.025112805888056755
1.080580598416224e-13,0.9999992847442627,2.1906228065490723,18657808384.0,0.02511250600218773
1.083083072555592e-13,0.9999992847442627,2.183425188064575,18636535808.0,0.025112200528383255
1.085585614457596e-13,0.9999992847442627,2.176229476928711,18615259136.0,0.02511190064251423
1.088088088596964e-13,0.9999992847442627,2.1690289974212646,18593988608.0,0.025111598894000053
1.0905905627363321e-13,0.9999992847442627,2.161831855773926,18572722176.0,0.02511129528284073
1.093093104638336e-13,0.9999992847442627,2.1546339988708496,18551435264.0,0.025110993534326553
1.0955955787777041e-13,0.9999992847442627,2.147437572479248,18530172928.0,0.025110691785812378
1.098098120679708e-13,0.9999992847442627,2.140242099761963,18508898304.0,0.0251103937625885
1.1006005948190761e-13,0.9999992847442627,2.1330437660217285,18487617536.0,0.025110095739364624
1.10310313672108e-13,0.9999992847442627,2.125847339630127,18466344960.0,0.025109788402915
1.1056056108604481e-13,0.9999992847442627,2.1186513900756836,18445074432.0,0.025109488517045975
1.1081080849998162e-13,0.9999992847442627,2.1114535331726074,18423799808.0,0.0251091867685318
1.1106106269018201e-13,0.9999992847442627,2.104255437850952,18402525184.0,0.025108885020017624
1.1131131010411882e-13,0.9999992847442627,2.097076416015625,18381246464.0,0.025108546018600464
1.1156156429431921e-13,0.9999992847442627,2.0899345874786377,18359922688.0,0.025108108296990395
1.1181181170825602e-13,0.9999992847442627,2.0827906131744385,18338611200.0,0.025107674300670624
1.1206205912219283e-13,0.9999992847442627,2.0756494998931885,18317291520.0,0.025107242166996002
1.1231231331239322e-13,0.9999992847442627,2.0685062408447266,18295967744.0,0.02510680817067623
1.1256256072633003e-13,0.9999992847442627,2.061363458633423,18274654208.0,0.02510637789964676
1.1281281491653042e-13,0.9999992847442627,2.054220199584961,18253328384.0,0.025105934590101242
1.1306306233046723e-13,0.9999992847442627,2.0470778942108154,18232010752.0,0.025105498731136322
1.1331331652066762e-13,0.9999992847442627,2.039936065673828,18210701312.0,0.025105062872171402
1.1356356393460443e-13,0.9999992847442627,2.0327908992767334,18189385728.0,0.02510463446378708
1.1381381134854124e-13,0.9999992847442627,2.0256481170654297,18168068096.0,0.02510419487953186
1.1406405876247805e-13,0.9999992847442627,2.018505811691284,18146750464.0,0.02510376274585724
1.1431431972894202e-13,0.9999992847442627,2.0113842487335205,18125430784.0,0.025103334337472916
1.1456456714287883e-13,0.9999992847442627,2.004333019256592,18104135680.0,0.025102905929088593
1.1481481455681564e-13,0.9999992847442627,1.9972838163375854,18082832384.0,0.025102488696575165
1.1506506197075245e-13,0.9999992847442627,1.990232229232788,18061531136.0,0.02510206587612629
1.1531530938468926e-13,0.9999992847442627,1.9831815958023071,18040238080.0,0.025101644918322563
1.1556557035115322e-13,0.9999992847442627,1.9761295318603516,18018938880.0,0.02510122023522854
1.1581581776509003e-13,0.9999992847442627,1.9690816402435303,17997633536.0,0.02510080672800541
1.1606606517902684e-13,0.9999992847442627,1.9620293378829956,17976340480.0,0.025100387632846832
1.1631631259296366e-13,0.9999992847442627,1.954978585243225,17955039232.0,0.02509996108710766
1.1656656000690047e-13,0.9999992847442627,1.9479293823242188,17933742080.0,0.02509954199194908
1.1681682097336443e-13,0.9999992847442627,1.9408763647079468,17912438784.0,0.025099122896790504
1.1706706838730124e-13,0.9999992847442627,1.933825969696045,17891139584.0,0.025098705664277077
1.1731731580123805e-13,0.9999992847442627,1.926776647567749,17869846528.0,0.025098280981183052
1.1756756321517486e-13,0.9999992847442627,1.9197261333465576,17848545280.0,0.025097863748669624
1.1781782418163883e-13,0.9999992847442627,1.9126728773117065,17827237888.0,0.0250974390655756
1.1806807159557564e-13,0.9999992847442627,1.9056223630905151,17805948928.0,0.025097019970417023
1.1831831900951245e-13,0.9999992847442627,1.8985737562179565,17784643584.0,0.025096602737903595
1.1856856642344926e-13,0.9999992847442627,1.8915210962295532,17763348480.0,0.02509617619216442
1.1881881383738607e-13,0.9999992847442627,1.8844724893569946,17742049280.0,0.025095760822296143
1.1906907480385004e-13,0.9999992847442627,1.877419352531433,17720743936.0,0.025095338001847267
1.1931932221778685e-13,0.9999992847442627,1.8703696727752686,17699446784.0,0.02509491890668869
1.1956956963172366e-13,0.9999992847442627,1.86332106590271,17678147584.0,0.025094488635659218
1.1981981704566047e-13,0.9999992847442627,1.856269359588623,17656852480.0,0.025094076991081238
1.2007006445959728e-13,0.9999992847442627,1.849218487739563,17635553280.0,0.02509365789592266
1.2032032542606125e-13,0.9999992847442627,1.8421692848205566,17614249984.0,0.025093240663409233
1.2057057283999806e-13,0.9999992847442627,1.8349581956863403,17594179584.0,0.025092732161283493
1.2082082025393487e-13,0.9999992847442627,1.827738642692566,17574176768.0,0.0250922292470932
1.2107106766787168e-13,0.9999994039535522,1.820518136024475,17554184192.0,0.02509172074496746
1.213213150818085e-13,0.9999994039535522,1.8133001327514648,17534181376.0,0.02509121783077717
1.2157157604827246e-13,0.9999994039535522,1.8060786724090576,17514172416.0,0.025090709328651428
1.2182182346220927e-13,0.9999994039535522,1.7988615036010742,17494175744.0,0.025090210139751434
1.2207207087614608e-13,0.9999994039535522,1.7916418313980103,17474185216.0,0.025089696049690247
1.223223182900829e-13,0.9999994039535522,1.784422516822815,17454186496.0,0.025089198723435402
1.2257257925654685e-13,0.9999994039535522,1.7772042751312256,17434183680.0,0.02508869394659996
1.2282282667048366e-13,0.9999994039535522,1.7699832916259766,17414187008.0,0.025088179856538773
1.2307307408442048e-13,0.9999994039535522,1.7627650499343872,17394188288.0,0.025087684392929077
1.2332332149835729e-13,0.9999994039535522,1.7555458545684814,17374179328.0,0.025087174028158188
1.235735689122941e-13,0.9999994039535522,1.7483261823654175,17354182656.0,0.025086678564548492
1.2382382987875806e-13,0.9999994039535522,1.7411078214645386,17334190080.0,0.025086157023906708
1.2407407729269487e-13,0.9999994039535522,1.733888864517212,17314197504.0,0.025085657835006714
1.2432432470663168e-13,0.9999994039535522,1.7266695499420166,17294188544.0,0.025085149332880974
1.245745721205685e-13,0.9999994039535522,1.7194514274597168,17274189824.0,0.02508464828133583
1.248248195345053e-13,0.9999994039535522,1.712233066558838,17254184960.0,0.02508414536714554
1.2507508050096927e-13,0.9999994039535522,1.7050120830535889,17234186240.0,0.025083640590310097
1.2532532791490608e-13,0.9999994039535522,1.697791576385498,17214191616.0,0.025083135813474655
1.255755753288429e-13,0.9999994039535522,1.6905739307403564,17194201088.0,0.025082625448703766
1.258258227427797e-13,0.9999994039535522,1.6833245754241943,17174153216.0,0.025082146748900414
1.2607607015671651e-13,0.9999994039535522,1.6759835481643677,17154015232.0,0.025081712752580643
1.2632633112318048e-13,0.9999994039535522,1.6686439514160156,17133873152.0,0.025081275030970573
1.265765785371173e-13,0.9999994039535522,1.6613050699234009,17113732096.0,0.0250808447599411
1.268268259510541e-13,0.9999994039535522,1.6539664268493652,17093588992.0,0.025080416351556778
1.270770733649909e-13,0.9999994039535522,1.646625280380249,17073445888.0,0.025079980492591858
1.2732732077892772e-13,0.9999994039535522,1.6392872333526611,17053309952.0,0.025079553946852684
1.275775817453917e-13,0.9999994039535522,1.6319470405578613,17033165824.0,0.025079119950532913
1.278278291593285e-13,0.9999994039535522,1.6246095895767212,17013023744.0,0.025078684091567993
1.280780765732653e-13,0.9999994039535522,1.617268443107605,16992878592.0,0.02507825382053852
1.2832832398720212e-13,0.9999994039535522,1.6099309921264648,16972738560.0,0.0250778216868639
1.2857858495366609e-13,0.9999994039535522,1.6025937795639038,16952596480.0,0.02507738769054413
1.288288323676029e-13,0.9999994039535522,1.5951591730117798,16932851712.0,0.025076990947127342
1.290790797815397e-13,0.9999994039535522,1.5869414806365967,16916401152.0,0.02507694438099861
1.2932932719547652e-13,0.9999994039535522,1.578726053237915,16899934208.0,0.025076905265450478
1.2957957460941333e-13,0.9999994039535522,1.5705070495605469,16883481600.0,0.0250768531113863
1.298298355758773e-13,0.9999994039535522,1.5622888803482056,16867026944.0,0.025076815858483315
1.300800829898141e-13,0.9999994039535522,1.554073691368103,16850565120.0,0.025076767429709435
1.3033033040375092e-13,0.9999994039535522,1.5458557605743408,16834101248.0,0.025076711550354958
1.3058057781768773e-13,0.9999994039535522,1.5376373529434204,16817649664.0,0.025076674297451973
1.3083082523162454e-13,0.9999994039535522,1.5294207334518433,16801196032.0,0.02507663145661354
1.310810861980885e-13,0.9999994039535522,1.5212022066116333,16784740352.0,0.025076579302549362
1.3133133361202531e-13,0.9999994039535522,1.512985110282898,16768274432.0,0.02507653459906578
1.3158158102596212e-13,0.9999994039535522,1.504768967628479,16751824896.0,0.0250764898955822
1.3183182843989893e-13,0.9999994039535522,1.496551752090454,16735361024.0,0.025076448917388916
1.3208207585383575e-13,0.9999994039535522,1.4883335828781128,16718907392.0,0.02507639490067959
1.323323368202997e-13,0.9999994039535522,1.4801149368286133,16702447616.0,0.025076353922486305
1.3258258423423652e-13,0.9999994039535522,1.4718989133834839,16685991936.0,0.025076307356357574
1.3283283164817333e-13,0.9999994039535522,1.4636820554733276,16669536256.0,0.025076258927583694
1.3308307906211014e-13,0.9999994039535522,1.4554647207260132,16653080576.0,0.025076208636164665
1.333333400285741e-13,0.9999994039535522,1.4472465515136719,16636620800.0,0.02507617138326168
1.3358358744251092e-13,0.9999994039535522,1.4390263557434082,16620171264.0,0.0250761266797781
1.3383383485644773e-13,0.9999994039535522,1.4308117628097534,16603707392.0,0.025076081976294518
1.3408408227038454e-13,0.9999994039535522,1.4225952625274658,16587259904.0,0.025076035410165787
1.3433432968432135e-13,0.9999994039535522,1.414375901222229,16570795008.0,0.025075988844037056
1.3458459065078532e-13,0.9999994039535522,1.40615975856781,16554336256.0,0.025075942277908325
1.3483483806472213e-13,0.9999994039535522,1.3979403972625732,16537886720.0,0.025075901299715042
1.3508508547865894e-13,0.9999994039535522,1.3897244930267334,16521433088.0,0.02507585659623146
1.3533533289259575e-13,0.9999994039535522,1.3815152645111084,16504974336.0,0.025075776502490044
1.3558558030653256e-13,0.9999994039535522,1.3733264207839966,16488550400.0,0.0250756423920393
1.3583584127299653e-13,0.9999994039535522,1.365136981010437,16472119296.0,0.025075504556298256
1.3608608868693334e-13,0.9999994039535522,1.3569446802139282,16455698432.0,0.025075366720557213
1.3633633610087015e-13,0.9999994039535522,1.3487552404403687,16439268352.0,0.025075223296880722
1.3658658351480696e-13,0.9999994039535522,1.3405641317367554,16422839296.0,0.025075089186429977
1.3683683092874377e-13,0.9999994039535522,1.332377314567566,16406410240.0,0.025074943900108337
1.3708709189520774e-13,0.9999994039535522,1.3241848945617676,16389984256.0,0.025074809789657593
1.3733733930914455e-13,0.9999995231628418,1.315992832183838,16373563392.0,0.02507467195391655
1.3758758672308136e-13,0.9999995231628418,1.3078031539916992,16357138432.0,0.025074530392885208
1.3783783413701817e-13,0.9999995231628418,1.2996156215667725,16340714496.0,0.025074394419789314
1.3808808155095498e-13,0.9999995231628418,1.2914235591888428,16324276224.0,0.02507426030933857
1.3833834251741894e-13,0.9999995231628418,1.2832332849502563,16307849216.0,0.025074118748307228
1.3858858993135575e-13,0.9999995231628418,1.2750446796417236,16291433472.0,0.025073982775211334
1.3883883734529257e-13,0.9999995231628418,1.266852617263794,16275007488.0,0.025073841214179993
1.3908908475922938e-13,0.9999995231628418,1.2586625814437866,16258580480.0,0.02507370337843895
1.3933934572569334e-13,0.9999995231628418,1.2504725456237793,16242145280.0,0.025073567405343056
1.3958959313963015e-13,0.9999995231628418,1.2422808408737183,16225722368.0,0.025073429569602013
1.3983984055356696e-13,0.9999995231628418,1.2340916395187378,16209296384.0,0.02507328800857067
1.4009008796750377e-13,0.9999995231628418,1.225900650024414,16192864256.0,0.025073159486055374
1.4034033538144058e-13,0.9999995231628418,1.2177114486694336,16176433152.0,0.025073012337088585
1.4059059634790455e-13,0.9999995231628418,1.209519386291504,16160014336.0,0.025072874501347542
1.4084084376184136e-13,0.9999995231628418,1.2013304233551025,16143583232.0,0.025072738528251648
1.4109109117577817e-13,0.9999995231628418,1.1931407451629639,16127163392.0,0.025072602555155754
1.4134133858971498e-13,0.9999995231628418,1.184950351715088,16110737408.0,0.025072462856769562
1.415915860036518e-13,0.9999995231628418,1.1767585277557373,16094312448.0,0.02507232129573822
1.4184184697011576e-13,0.9999995231628418,1.168569803237915,16077881344.0,0.025072185322642326
1.4209209438405257e-13,0.9999995231628418,1.1603795289993286,16061452288.0,0.02507205121219158
1.4234234179798938e-13,0.9999995231628418,1.152187705039978,16045033472.0,0.02507191151380539
1.425925892119262e-13,0.9999995231628418,1.1439975500106812,16028595200.0,0.025071777403354645
1.42842836625863e-13,0.9999995231628418,1.1358084678649902,16012171264.0,0.025071633979678154
1.4309309759232697e-13,0.9999995231628418,1.1276180744171143,15995750400.0,0.02507149614393711
1.4334334500626378e-13,0.9999995231628418,1.1194274425506592,15979323392.0,0.02507135644555092
1.435935924202006e-13,0.9999995231628418,1.111238956451416,15962886144.0,0.025071218609809875
1.438438398341374e-13,0.9999995231628418,1.1030484437942505,15946463232.0,0.025071077048778534
1.4409410080060137e-13,0.9999995231628418,1.0948586463928223,15930039296.0,0.02507094480097294
1.4434434821453818e-13,0.9999995231628418,1.0866667032241821,15913613312.0,0.025070808827877045
1.4459459562847499e-13,0.9999995231628418,1.078477382659912,15897186304.0,0.025070661678910255
1.448448430424118e-13,0.9999995231628418,1.0702852010726929,15880761344.0,0.02507052570581436
1.450950904563486e-13,0.9999995231628418,1.0620954036712646,15864342528.0,0.025070395320653915
1.4534535142281257e-13,0.9999995231628418,1.053907036781311,15847905280.0,0.025070250034332275
1.4559559883674938e-13,0.9999995231628418,1.04571533203125,15831474176.0,0.025070110335946083
1.458458462506862e-13,0.9999995231628418,1.037526249885559,15815051264.0,0.025069979950785637
1.46096093664623e-13,0.9999995231628418,1.029335618019104,15798620160.0,0.025069842115044594
1.4634634107855982e-13,0.9999995231628418,1.021146297454834,15782205440.0,0.0250697024166584
1.4659660204502378e-13,0.9999995231628418,1.0129567384719849,15765771264.0,0.02506955899298191
1.468468494589606e-13,0.9999995231628418,1.0047661066055298,15749349376.0,0.02506941929459572
1.470970968728974e-13,0.9999995231628418,0.9965757727622986,15732914176.0,0.025069285184144974
1.4734734428683421e-13,0.9999995231628418,0.9883845448493958,15716489216.0,0.02506914734840393
1.4759759170077102e-13,0.9999995231628418,0.9801937341690063,15700066304.0,0.02506900578737259
1.47847852667235e-13,0.9999995231628418,0.9720046520233154,15683635200.0,0.025068867951631546
1.480981000811718e-13,0.9999995231628418,0.9638115167617798,15667208192.0,0.0250687338411808
1.483483474951086e-13,0.9999995231628418,0.9556236863136292,15650783232.0,0.02506859600543976
1.4859859490904542e-13,0.9999995231628418,0.9474318027496338,15634362368.0,0.025068458169698715
1.4884884232298223e-13,0.9999995231628418,0.9392431974411011,15617939456.0,0.02506832405924797
1.490991032894462e-13,0.9999995231628418,0.9310520887374878,15601509376.0,0.02506818249821663
1.49349350703383e-13,0.9999995231628418,0.9228611588478088,15585076224.0,0.025068040937185287
1.4959959811731982e-13,0.9999995231628418,0.9146738052368164,15568646144.0,0.025067904964089394
1.4984984553125663e-13,0.9999995231628418,0.906481921672821,15552231424.0,0.025067763403058052
1.501001064977206e-13,0.9999995231628418,0.8982903361320496,15535800320.0,0.02506762370467186
1.503503539116574e-13,0.9999995231628418,0.8901025056838989,15519371264.0,0.025067489594221115
1.5060060132559422e-13,0.9999995231628418,0.8812339901924133,15506397184.0,0.0250671599060297
1.5085084873953103e-13,0.9999995231628418,0.8723092079162598,15493734400.0,0.025066819041967392
1.5110109615346784e-13,0.9999995231628418,0.8633813261985779,15481059328.0,0.025066472589969635
1.513513571199318e-13,0.9999995231628418,0.8544558882713318,15468396544.0,0.025066131725907326
1.5160160453386862e-13,0.9999995231628418,0.8455294370651245,15455733760.0,0.025065790861845016
1.5185185194780543e-13,0.9999995231628418,0.8366027474403381,15443062784.0,0.025065438821911812
1.5210209936174224e-13,0.9999995231628418,0.8276753425598145,15430393856.0,0.025065099820494652
1.5235234677567905e-13,0.9999995231628418,0.8187497854232788,15417731072.0,0.025064751505851746
1.5260260774214301e-13,0.9999995231628418,0.8098212480545044,15405056000.0,0.025064408779144287
1.5285285515607983e-13,0.9999995231628418,0.8008958101272583,15392395264.0,0.025064071640372276
1.5310310257001664e-13,0.9999995231628418,0.7919699549674988,15379724288.0,0.025063728913664818
1.5335334998395345e-13,0.9999995231628418,0.7830424904823303,15367063552.0,0.02506338432431221
1.5360359739789026e-13,0.9999995231628418,0.7741178870201111,15354395648.0,0.025063037872314453
1.5385385836435422e-13,0.9999995231628418,0.7651892304420471,15341731840.0,0.025062687695026398
1.5410410577829103e-13,0.9999995231628418,0.7562627196311951,15329060864.0,0.02506234496831894
1.5435435319222784e-13,0.9999995231628418,0.7473369836807251,15316389888.0,0.02506200224161148
1.5460460060616465e-13,0.9999995231628418,0.7384114265441895,15303729152.0,0.02506166324019432
1.5485486157262862e-13,0.9999995231628418,0.7294852137565613,15291056128.0,0.025061320513486862
1.5510510898656543e-13,0.9999995231628418,0.7205571532249451,15278395392.0,0.025060974061489105
1.5535535640050224e-13,0.9999995231628418,0.7116303443908691,15265728512.0,0.025060635060071945
1.5560560381443905e-13,0.9999995231628418,0.7027040123939514,15253065728.0,0.02506028488278389
1.5585585122837586e-13,0.9999995231628418,0.6937781572341919,15240402944.0,0.02505994588136673
1.5610611219483983e-13,0.9999995231628418,0.6848516464233398,15227734016.0,0.025059595704078674
1.5635635960877664e-13,0.9999995231628418,0.6759238839149475,15215058944.0,0.025059260427951813
1.5660660702271345e-13,0.9999995231628418,0.6669988036155701,15202391040.0,0.025058910250663757
1.5685685443665026e-13,0.9999995231628418,0.6580721139907837,15189732352.0,0.02505856566131115
1.5710710185058707e-13,0.9999995231628418,0.6491448879241943,15177061376.0,0.02505822293460369
1.5735736281705104e-13,0.9999996423721313,0.6402191519737244,15164397568.0,0.025057878345251083
1.5760761023098785e-13,0.9999996423721313,0.6307850480079651,15151754240.0,0.025057831779122353
1.5785785764492466e-13,0.9999996423721313,0.6209059357643127,15139151872.0,0.025058036670088768
1.5810810505886147e-13,0.9999996423721313,0.6110547780990601,15126856704.0,0.025058139115571976
1.5835835247279828e-13,0.9999996423721313,0.6012665629386902,15115253760.0,0.025058023631572723
1.5860861343926225e-13,0.9999996423721313,0.5914819836616516,15103645696.0,0.025057893246412277
1.5885886085319906e-13,0.9999996423721313,0.5816967487335205,15092045824.0,0.025057774037122726
1.5910910826713587e-13,0.9999996423721313,0.5719088912010193,15080438784.0,0.025057658553123474
1.5935935568107268e-13,0.9999996423721313,0.5621221661567688,15068829696.0,0.025057539343833923
1.596096030950095e-13,0.9999996423721313,0.552334725856781,15057227776.0,0.025057416409254074
1.5985986406147346e-13,0.9999996423721313,0.5425478219985962,15045627904.0,0.025057297199964523
1.6011011147541027e-13,0.9999996423721313,0.5327613353729248,15034015744.0,0.025057177990674973
1.6036035888934708e-13,0.9999996423721313,0.5229752063751221,15022417920.0,0.025057053193449974
1.6061060630328389e-13,0.9999996423721313,0.5131863951683044,15010807808.0,0.025056935846805573
1.6086086726974785e-13,0.9999996423721313,0.5033990144729614,14999199744.0,0.025056811049580574
1.6111111468368466e-13,0.9999996423721313,0.4936119318008423,14987601920.0,0.025056693702936172
1.6136136209762147e-13,0.9999996423721313,0.4838285744190216,14975990784.0,0.025056568905711174
1.6161160951155829e-13,0.9999996423721313,0.474038690328598,14964391936.0,0.025056447833776474
1.618618569254951e-13,0.9999996423721313,0.46425145864486694,14952793088.0,0.025056328624486923
1.6211211789195906e-13,0.9999996423721313,0.4544660747051239,14941175808.0,0.02505621127784252
1.6236236530589587e-13,0.9999996423721313,0.44467854499816895,14929574912.0,0.025056086480617523
1.6261261271983268e-13,0.9999996423721313,0.43489208817481995,14917965824.0,0.025055967271327972
1.628628601337695e-13,0.9999996423721313,0.42510685324668884,14906368000.0,0.02505585178732872
1.631131075477063e-13,0.9999996423721313,0.4153183698654175,14894764032.0,0.025055725127458572
1.6336336851417027e-13,0.9999996423721313,0.4055294096469879,14883158016.0,0.02505560591816902
1.6361361592810708e-13,0.9999996423721313,0.3957451283931732,14871544832.0,0.02505548670887947
1.638638633420439e-13,0.9999996423721313,0.38595619797706604,14859949056.0,0.02505537122488022
1.641141107559807e-13,0.9999996423721313,0.3761712908744812,14848342016.0,0.025055240839719772
1.6436435816991751e-13,0.9999996423721313,0.3663851320743561,14836738048.0,0.02505512535572052
1.6461461913638148e-13,0.9999996423721313,0.3565977215766907,14825134080.0,0.02505500614643097
1.648648665503183e-13,0.9999996423721313,0.34681251645088196,14813521920.0,0.02505487948656082
1.651151139642551e-13,0.9999996423721313,0.3370245099067688,14801924096.0,0.02505476027727127
1.653653613781919e-13,0.9999996423721313,0.32723742723464966,14790307840.0,0.02505464479327202
1.6561562234465588e-13,0.9999996423721313,0.3174503445625305,14778710016.0,0.02505452185869217
1.658658697585927e-13,0.9999996423721313,0.3076638877391815,14767108096.0,0.025054404512047768
1.661161171725295e-13,0.9999996423721313,0.2978765070438385,14755501056.0,0.02505427971482277
1.663663645864663e-13,0.9999996423721313,0.2880903482437134,14743891968.0,0.02505416050553322
1.6661661200040312e-13,0.9999996423721313,0.2783038914203644,14732291072.0,0.02505403943359852
1.6686687296686709e-13,0.9999996423721313,0.2685143053531647,14720683008.0,0.025053925812244415
1.671171203808039e-13,0.9999996423721313,0.2587284743785858,14709078016.0,0.025053802877664566
1.673673677947407e-13,0.9999996423721313,0.24894358217716217,14697469952.0,0.025053681805729866
1.6761761520867752e-13,0.9999996423721313,0.23915493488311768,14685873152.0,0.025053557008504868
1.6786786262261433e-13,0.9999996423721313,0.22937096655368805,14674270208.0,0.025053439661860466
1.681181235890783e-13,0.9999996423721313,0.21958014369010925,14662656000.0,0.025053314864635468
1.683683710030151e-13,0.9999996423721313,0.20979586243629456,14651052032.0,0.02505319193005562
1.6861861841695192e-13,0.9999996423721313,0.20000846683979034,14639450112.0,0.025053082033991814
1.6886886583088873e-13,0.9999996423721313,0.19022107124328613,14627846144.0,0.025052959099411964
1.6911911324482554e-13,0.9999996423721313,0.1804361641407013,14616244224.0,0.025052834302186966
1.693693742112895e-13,0.9999996423721313,0.17064690589904785,14604634112.0,0.025052716955542564
1.6961962162522631e-13,0.9999996423721313,0.16086076200008392,14593034240.0,0.025052592158317566
1.6986986903916312e-13,0.9999996423721313,0.1510733664035797,14581430272.0,0.025052474811673164
1.7012011645309993e-13,0.9999996423721313,0.1412872076034546,14569820160.0,0.025052351877093315
1.7037036386703674e-13,0.9999996423721313,0.13150198757648468,14558217216.0,0.025052236393094063
1.706206248335007e-13,0.9999996423721313,0.12171490490436554,14546612224.0,0.025052109733223915
1.7087087224743752e-13,0.9999996423721313,0.11192595958709717,14535005184.0,0.025051992386579514
1.7112111966137433e-13,0.9999996423721313,0.10214011371135712,14523401216.0,0.025051871314644814
1.7137136707531114e-13,0.9999996423721313,0.09235458821058273,14511793152.0,0.025051750242710114
1.716216280417751e-13,0.9999996423721313,0.08256719261407852,14500191232.0,0.025051629170775414
1.7187187545571192e-13,0.9999996423721313,0.07277948409318924,14488592384.0,0.025051511824131012
1.7212212286964873e-13,0.9999996423721313,0.06299426406621933,14476978176.0,0.025051388889551163
1.7237237028358554e-13,0.9999996423721313,0.0532059371471405,14465374208.0,0.02505127340555191
1.7262261769752235e-13,0.9999996423721313,0.04341667518019676,14453769216.0,0.025051148608326912
1.7287287866398632e-13,0.9999996423721313,0.03363176807761192,14442164224.0,0.02505102939903736
1.7312312607792313e-13,0.9999996423721313,0.023845931515097618,14430560256.0,0.02505091205239296
1.7337337349185994e-13,0.9999996423721313,0.0140613354742527,14418952192.0,0.02505079284310341
1.7362362090579675e-13,0.9999996423721313,0.004274251405149698,14407346176.0,0.025050677359104156
1.7387386831973356e-13,0.9999996423721313,-0.005514387506991625,14395742208.0,0.02505054697394371
1.7412412928619753e-13,0.9999996423721313,-0.015301160514354706,14384144384.0,0.02505042776465416
1.7437437670013434e-13,0.9999996423721313,-0.025154180824756622,14372499456.0,0.02505030669271946
1.7462462411407115e-13,0.9999996423721313,-0.0351499579846859,14360771584.0,0.025050204247236252
1.7487487152800796e-13,0.9999996423721313,-0.04514915496110916,14349049856.0,0.025050092488527298
1.7512511894194477e-13,0.9999996423721313,-0.05514493212103844,14337328128.0,0.02504998818039894
1.7537537990840874e-13,0.9999996423721313,-0.06514257192611694,14325596160.0,0.025049878284335136
1.7562562732234555e-13,0.9999996423721313,-0.07513834536075592,14313866240.0,0.025049777701497078
1.7587587473628236e-13,0.9999996423721313,-0.0851384773850441,14302145536.0,0.025049667805433273
1.7612612215021917e-13,0.9999996423721313,-0.09513301402330399,14290423808.0,0.02504955604672432
1.7637638311668313e-13,0.9999996423721313,-0.10513003170490265,14278694912.0,0.025049449875950813
1.7662663053061994e-13,0.9999996423721313,-0.11512704938650131,14266962944.0,0.025049347430467606
1.7687687794455675e-13,0.9999996423721313,-0.1251237541437149,14255237120.0,0.0250492375344038
1.7712712535849356e-13,0.9999996423721313,-0.1351204663515091,14243518464.0,0.02504912205040455
1.7737737277243038e-13,0.9999996423721313,-0.1451168656349182,14231749632.0,0.025049036368727684
1.7762763373889434e-13,0.9999996423721313,-0.15511295199394226,14219944960.0,0.02504894882440567
1.7787788115283115e-13,0.9999996423721313,-0.16510748863220215,14208145408.0,0.025048861280083656
1.7812812856676796e-13,0.9999996423721313,-0.17510606348514557,14196342784.0,0.02504877746105194
1.7837837598070477e-13,0.9999996423721313,-0.18509997427463531,14184544256.0,0.025048691779375076
1.7862862339464158e-13,0.9999996423721313,-0.19509637355804443,14172747776.0,0.025048602372407913
1.7887888436110555e-13,0.9999996423721313,-0.20509308576583862,14160955392.0,0.025048518553376198
1.7912913177504236e-13,0.9999996423721313,-0.2150888592004776,14149156864.0,0.025048429146409035
1.7937937918897917e-13,0.9999996423721313,-0.22508494555950165,14137357312.0,0.02504834532737732
1.7962962660291598e-13,0.9999996423721313,-0.23508289456367493,14125558784.0,0.025048254057765007
1.798798740168528e-13,0.9999996423721313,-0.24507805705070496,14113765376.0,0.02504817023873329
1.8013013498331676e-13,0.9999996423721313,-0.25507229566574097,14102024192.0,0.02504817582666874
1.8038038239725357e-13,0.9999996423721313,-0.2650587260723114,14090441728.0,0.025048427283763885
1.8063062981119038e-13,0.9999996423721313,-0.2750489115715027,14078852096.0,0.02504868432879448
1.808808772251272e-13,0.9999996423721313,-0.28503721952438354,14067268608.0,0.025048930197954178
1.81131124639064e-13,0.9999996423721313,-0.29502367973327637,14055683072.0,0.025049176067113876
1.8138138560552797e-13,0.9999996423721313,-0.3050113618373871,14044103680.0,0.025049429386854172
1.8163163301946478e-13,0.9999996423721313,-0.31500154733657837,14032517120.0,0.025049684569239616
1.818818804334016e-13,0.9999996423721313,-0.3249901533126831,14020939776.0,0.025049936026334763
1.821321278473384e-13,0.9999996423721313,-0.33497631549835205,14009358336.0,0.025050180032849312
1.8238238881380237e-13,0.9999996423721313,-0.34496617317199707,13997765632.0,0.025050431489944458
1.8263263622773918e-13,0.9999996423721313,-0.3549535572528839,13986185216.0,0.025050682947039604
1.8288288364167599e-13,0.9999997615814209,-0.36494219303131104,13974589440.0,0.0250509325414896
1.831331310556128e-13,0.9999997615814209,-0.37492987513542175,13963015168.0,0.025051187723875046
1.833833784695496e-13,0.9999997615814209,-0.38492098450660706,13951429632.0,0.025051435455679893
1.8363363943601357e-13,0.9999997615814209,-0.39490899443626404,13939846144.0,0.02505168691277504
1.8388388684995038e-13,0.9999997615814209,-0.40489575266838074,13928259584.0,0.025051932781934738
1.841341342638872e-13,0.9999997615814209,-0.4148831367492676,13916678144.0,0.025052182376384735
1.84384381677824e-13,0.9999997615814209,-0.4248732924461365,13905090560.0,0.02505243569612503
1.8463462909176082e-13,0.9999997615814209,-0.4348610043525696,13893512192.0,0.025052689015865326
1.8488489005822478e-13,0.9999997615814209,-0.44485023617744446,13881923584.0,0.025052934885025024
1.851351374721616e-13,0.9999997615814209,-0.454836368560791,13870341120.0,0.02505318634212017
1.853853848860984e-13,0.9999997615814209,-0.46482622623443604,13858748416.0,0.025053439661860466
1.8563563230003521e-13,0.9999997615814209,-0.47481486201286316,13847176192.0,0.02505369298160076
1.8588587971397202e-13,0.9999997615814209,-0.48480287194252014,13835591680.0,0.02505394257605076
1.86136140680436e-13,0.9999997615814209,-0.49479272961616516,13824008192.0,0.025054186582565308
1.863863880943728e-13,0.9999997615814209,-0.5047798156738281,13812416512.0,0.025054438039660454
1.866366355083096e-13,0.9999997615814209,-0.5147687196731567,13800837120.0,0.0250546932220459
1.8688688292224642e-13,0.9999997615814209,-0.5247564315795898,13789255680.0,0.025054942816495895
1.871371438887104e-13,0.9999997615814209,-0.5347444415092468,13777669120.0,0.025055192410945892
1.873873913026472e-13,0.9999997615814209,-0.544734001159668,13766075392.0,0.02505544200539589
1.87637638716584e-13,0.9999997615814209,-0.5547207593917847,13754499072.0,0.025055699050426483
1.8788788613052082e-13,0.9999997615814209,-0.5647087097167969,13742913536.0,0.02505594864487648
1.8813813354445763e-13,0.9999997615814209,-0.5746976733207703,13731336192.0,0.02505619265139103
1.883883945109216e-13,0.9999997615814209,-0.5846853852272034,13719740416.0,0.025056444108486176
1.886386419248584e-13,0.9999997615814209,-0.5946739912033081,13708155904.0,0.025056693702936172
1.8888888933879522e-13,0.9999997615814209,-0.6046628952026367,13696577536.0,0.025056950747966766
1.8913913675273203e-13,0.9999997615814209,-0.6146515607833862,13684995072.0,0.025057200342416763
1.8938938416666884e-13,0.9999997615814209,-0.6246392130851746,13673406464.0,0.025057444348931313
1.896396451331328e-13,0.9999997615814209,-0.6346297264099121,13661825024.0,0.025057699531316757
1.8988989254706962e-13,0.9999997615814209,-0.6446170806884766,13650235392.0,0.025057947263121605
1.9014013996100643e-13,0.9999997615814209,-0.6546037197113037,13638659072.0,0.025058206170797348
1.9039038737494324e-13,0.9999997615814209,-0.6645926237106323,13627075584.0,0.025058455765247345
1.9064063478888005e-13,0.9999997615814209,-0.6745823621749878,13615488000.0,0.025058701634407043
1.9089089575534401e-13,0.9999997615814209,-0.6845719218254089,13603903488.0,0.025058960542082787
1.9114114316928082e-13,0.9999997615814209,-0.6945563554763794,13592313856.0,0.025059208273887634
1.9139139058321764e-13,0.9999997615814209,-0.7045490145683289,13580735488.0,0.02505945786833763
1.9164163799715445e-13,0.9999997615814209,-0.7145365476608276,13569142784.0,0.02505970373749733
1.9189188541109126e-13,0.9999997615814209,-0.724524199962616,13557570560.0,0.025059955194592476
1.9214214637755522e-13,0.9999997615814209,-0.7345106601715088,13545973760.0,0.025060202926397324
1.9239239379149203e-13,0.9999997615814209,-0.744502067565918,13534391296.0,0.02506045624613762
1.9264264120542884e-13,0.9999997615814209,-0.7544866800308228,13522814976.0,0.025060702115297318
1.9289288861936565e-13,0.9999997615814209,-0.7644785642623901,13511229440.0,0.025060957297682762
1.9314314958582962e-13,0.9999997615814209,-0.7744676470756531,13499644928.0,0.02506120502948761
1.9339339699976643e-13,0.9999997615814209,-0.7844529747962952,13488052224.0,0.025061454623937607
1.9364364441370324e-13,0.9999997615814209,-0.7944421172142029,13476474880.0,0.0250617153942585
1.9389389182764005e-13,0.9999997615814209,-0.8044305443763733,13464891392.0,0.02506195940077305
1.9414413924157686e-13,0.9999997615814209,-0.8144185543060303,13453299712.0,0.025062212720513344
1.9439440020804083e-13,0.9999997615814209,-0.824405312538147,13441722368.0,0.025062456727027893
1.9464464762197764e-13,0.9999997615814209,-0.8343958258628845,13430139904.0,0.025062713772058487
1.9489489503591445e-13,0.9999997615814209,-0.8443834781646729,13418555392.0,0.025062963366508484
1.9514514244985126e-13,0.9999997615814209,-0.8543702363967896,13406969856.0,0.02506321296095848
1.9539538986378807e-13,0.9999997615814209,-0.8643592000007629,13395386368.0,0.025063468143343925
1.9564565083025204e-13,0.9999997615814209,-0.8743495345115662,13383803904.0,0.025063710287213326
1.9589589824418885e-13,0.9999997615814209,-0.884337842464447,13372215296.0,0.02506396919488907
1.9614614565812566e-13,0.9999997615814209,-0.8943261504173279,13360627712.0,0.02506421133875847
1.9639639307206247e-13,0.9999997615814209,-0.904315710067749,13349045248.0,0.025064460933208466
1.9664664048599928e-13,0.9999997615814209,-0.9143015146255493,13337470976.0,0.02506471425294876
1.9689690145246325e-13,0.9999997615814209,-0.9242889285087585,13325882368.0,0.025064967572689056
1.9714714886640006e-13,0.9999997615814209,-0.9342789053916931,13314299904.0,0.025065219029784203
1.9739739628033687e-13,0.9999997615814209,-0.9442684650421143,13302711296.0,0.02506547048687935
1.9764764369427368e-13,0.9999997615814209,-0.9542527794837952,13291120640.0,0.025065723806619644
1.9789790466073764e-13,0.9999997615814209,-0.9642447829246521,13279535104.0,0.025065965950489044
1.9814815207467446e-13,0.9999997615814209,-0.9742333889007568,13267955712.0,0.02506622113287449
1.9839839948861127e-13,0.9999997615814209,-0.9842195510864258,13256381440.0,0.025066468864679337
1.9864864690254808e-13,0.9999997615814209,-0.9942095875740051,13244794880.0,0.025066722184419632
1.9889889431648489e-13,0.9999997615814209,-1.0041972398757935,13233211392.0,0.02506696991622448
1.9914915528294885e-13,0.9999997615814209,-1.0141850709915161,13221622784.0,0.025067225098609924
1.9939940269688566e-13,0.9999997615814209,-1.024174451828003,13210028032.0,0.025067470967769623
1.9964965011082247e-13,0.9999997615814209,-1.0341633558273315,13198456832.0,0.025067726150155067
1.9989989752475928e-13,0.9999997615814209,-1.0441489219665527,13186871296.0,0.025067979469895363
2.001501449386961e-13,0.9999997615814209,-1.0541414022445679,13175293952.0,0.02506823092699051
2.0040040590516006e-13,0.9999997615814209,-1.0641274452209473,13163702272.0,0.02506847493350506
2.0065065331909687e-13,0.9999997615814209,-1.0741169452667236,13152116736.0,0.025068726390600204
2.0090090073303368e-13,0.9999997615814209,-1.0841038227081299,13140538368.0,0.02506897784769535
2.011511481469705e-13,0.9999997615814209,-1.0940921306610107,13128944640.0,0.025069233030080795
2.014013955609073e-13,0.9999997615814209,-1.104081153869629,13117364224.0,0.025069478899240494
2.0165165652737127e-13,0.9999997615814209,-1.1140700578689575,13105780736.0,0.02506972849369049
2.0190190394130808e-13,0.9999997615814209,-1.1240557432174683,13094191104.0,0.025069979950785637
2.021521513552449e-13,0.9999997615814209,-1.134047031402588,13082609664.0,0.025070231407880783
2.024023987691817e-13,0.9999997615814209,-1.1440359354019165,13071032320.0,0.02507048286497593
2.026526461831185e-13,0.9999997615814209,-1.1540228128433228,13059448832.0,0.025070734322071075
2.0290290714958248e-13,0.9999997615814209,-1.164009928703308,13047862272.0,0.025070982053875923
2.031531545635193e-13,0.9999997615814209,-1.1740005016326904,13036288000.0,0.02507122978568077
2.034034019774561e-13,0.9999997615814209,-1.1839872598648071,13024693248.0,0.025071483105421066
2.036536493913929e-13,0.9999997615814209,-1.1939775943756104,13013113856.0,0.025071732699871063
2.0390391035785688e-13,0.9999997615814209,-1.203964114189148,13001520128.0,0.02507198415696621
2.0415415777179369e-13,0.9999997615814209,-1.213954210281372,12989937664.0,0.025072235614061356
2.044044051857305e-13,0.9999997615814209,-1.2239418029785156,12978355200.0,0.025072487071156502
2.046546525996673e-13,0.9999997615814209,-1.2339305877685547,12966774784.0,0.02507273480296135
2.0490490001360412e-13,0.9999997615814209,-1.2439179420471191,12955184128.0,0.025072989985346794
2.0515516098006809e-13,0.9999997615814209,-1.253903865814209,12943605760.0,0.02507324144244194
2.054054083940049e-13,0.9999997615814209,-1.263895034790039,12932009984.0,0.025073489174246788
2.056556558079417e-13,0.9999997615814209,-1.2738829851150513,12920430592.0,0.025073736906051636
2.0590590322187852e-13,0.9999997615814209,-1.2838716506958008,12908853248.0,0.025073984637856483
2.0615615063581533e-13,0.9999997615814209,-1.2938592433929443,12897264640.0,0.02507423795759678
2.064064116022793e-13,0.9999997615814209,-1.3038486242294312,12885684224.0,0.025074491277337074
2.066566590162161e-13,0.9999997615814209,-1.3138095140457153,12874065920.0,0.025074731558561325
2.0690690643015291e-13,0.9999997615814209,-1.3236678838729858,12862352384.0,0.02507494017481804
2.0715715384408973e-13,0.9999997615814209,-1.3335270881652832,12850638848.0,0.02507515251636505
2.0740740125802654e-13,0.9999997615814209,-1.3433836698532104,12838934528.0,0.025075362995266914
2.076576622244905e-13,0.9999997615814209,-1.3532451391220093,12827209728.0,0.02507556602358818
2.0790790963842731e-13,0.9999997615814209,-1.3631045818328857,12815498240.0,0.025075780227780342
2.0815815705236412e-13,0.9999997615814209,-1.3729629516601562,12803783680.0,0.02507597953081131
2.0840840446630093e-13,0.9999997615814209,-1.38282310962677,12792068096.0,0.02507619932293892
2.086586654327649e-13,0.9999997615814209,-1.3926807641983032,12780357632.0,0.025076402351260185
2.089089128467017e-13,0.9999997615814209,-1.4025402069091797,12768646144.0,0.02507661283016205
2.0915916026063852e-13,0.9999997615814209,-1.4123988151550293,12756920320.0,0.025076817721128464
2.0940940767457533e-13,0.9999997615814209,-1.4222580194473267,12745206784.0,0.025077031925320625
2.0965965508851214e-13,0.9999997615814209,-1.4321160316467285,12733501440.0,0.02507724240422249
2.099099160549761e-13,0.9999997615814209,-1.4419770240783691,12721780736.0,0.025077449157834053
2.1016016346891292e-13,0.9999997615814209,-1.4518325328826904,12710067200.0,0.025077663362026215
2.1041041088284973e-13,0.9999997615814209,-1.4616953134536743,12698351616.0,0.02507787011563778
2.1066065829678654e-13,0.9999997615814209,-1.4715524911880493,12686643200.0,0.025078073143959045
2.1091090571072335e-13,0.9999997615814209,-1.481412410736084,12674925568.0,0.025078285485506058
2.1116116667718732e-13,0.9999997615814209,-1.4911046028137207,12663197696.0,0.02507852017879486
2.1141141409112413e-13,0.9999997615814209,-1.5006520748138428,12651452416.0,0.025078780949115753
2.1166166150506094e-13,0.9999997615814209,-1.510194182395935,12639714304.0,0.02507903054356575
2.1191190891899775e-13,0.9999997615814209,-1.5197447538375854,12627986432.0,0.02507929317653179
2.1216215633293456e-13,0.9999997615814209,-1.5292922258377075,12616241152.0,0.025079550221562386
2.1241241729939853e-13,0.9999997615814209,-1.5388383865356445,12604499968.0,0.02507980540394783
2.1266266471333534e-13,0.9999997615814209,-1.5483826398849487,12592759808.0,0.025080058723688126
2.1291291212727215e-13,0.9999997615814209,-1.5579309463500977,12581016576.0,0.02508031763136387
2.1316315954120896e-13,0.9999997615814209,-1.5674777030944824,12569285632.0,0.025080574676394463
2.1341340695514577e-13,0.9999997615814209,-1.5770238637924194,12557545472.0,0.025080829858779907
2.1366366792160973e-13,0.9999997615814209,-1.5865662097930908,12545796096.0,0.025081083178520203
2.1391391533554655e-13,0.9999997615814209,-1.5961123704910278,12534062080.0,0.025081340223550797
2.1416416274948336e-13,0.9999997615814209,-1.6053142547607422,12522319872.0,0.025081543251872063
2.1441441016342017e-13,0.9999997615814209,-1.6145137548446655,12510586880.0,0.025081753730773926
2.1466467112988413e-13,0.9999997615814209,-1.6237165927886963,12498853888.0,0.02508195862174034
2.1491491854382094e-13,0.9999997615814209,-1.632917046546936,12487127040.0,0.02508215419948101
2.1516516595775775e-13,0.9999997615814209,-1.6421183347702026,12475393024.0,0.025082360953092575
2.1541541337169456e-13,0.9999997615814209,-1.6513185501098633,12463659008.0,0.025082562118768692
2.1566566078563137e-13,0.9999997615814209,-1.6605194807052612,12451920896.0,0.02508276328444481
2.1591592175209534e-13,0.9999997615814209,-1.6697206497192383,12440184832.0,0.02508297748863697
2.1616616916603215e-13,0.9999997615814209,-1.6789233684539795,12428449792.0,0.02508317492902279
2.1641641657996896e-13,0.9999997615814209,-1.6881232261657715,12416714752.0,0.025083383545279503
2.1666666399390577e-13,0.9999997615814209,-1.697324275970459,12404980736.0,0.02508358284831047
2.1691691140784258e-13,0.9999997615814209,-1.7065237760543823,12393240576.0,0.025083787739276886
2.1716717237430655e-13,0.9999997615814209,-1.715726375579834,12381517824.0,0.02508399449288845
2.1741741978824336e-13,0.9999997615814209,-1.7249268293380737,12369773568.0,0.025084197521209717
2.1766766720218017e-13,0.9999997615814209,-1.7341303825378418,12358047744.0,0.025084402412176132
2.1791791461611698e-13,0.9999997615814209,-1.7433297634124756,12346311680.0,0.0250846017152071
2.181681620300538e-13,0.9999997615814209,-1.7525299787521362,12334573568.0,0.025084810331463814
2.1841842299651776e-13,0.9999997615814209,-1.761732578277588,12322836480.0,0.02508501708507538
2.1866867041045457e-13,0.9999997615814209,-1.7709318399429321,12311105536.0,0.025085214525461197
2.1891891782439138e-13,0.9999997615814209,-1.780133843421936,12299368448.0,0.025085419416427612
2.191691652383282e-13,0.9999997615814209,-1.7893329858779907,12287634432.0,0.025085629895329475
2.19419412652265e-13,0.9999997615814209,-1.7985360622406006,12275902464.0,0.02508583292365074
2.1966967361872897e-13,0.9999997615814209,-1.8077361583709717,12264167424.0,0.02508603408932686
2.1991992103266578e-13,0.9999997615814209,-1.8169375658035278,12252428288.0,0.025086235255002975
2.201701684466026e-13,0.9999998807907104,-1.8261719942092896,12240672768.0,0.025086496025323868
2.204204158605394e-13,0.9999998807907104,-1.8355638980865479,12228792320.0,0.02508704364299774
2.2067067682700336e-13,0.9999998807907104,-1.8449597358703613,12216909824.0,0.025087591260671616
2.2092092424094018e-13,0.9999998807907104,-1.854352593421936,12205031424.0,0.025088142603635788
2.2117117165487699e-13,0.9999998807907104,-1.8637449741363525,12193157120.0,0.025088688358664513
2.214214190688138e-13,0.9999998807907104,-1.8731398582458496,12181275648.0,0.025089239701628685
2.216716664827506e-13,0.9999998807907104,-1.8825325965881348,12169392128.0,0.02508978173136711
2.2192192744921457e-13,0.9999998807907104,-1.8919272422790527,12157502464.0,0.025090333074331284
2.2217217486315138e-13,0.9999998807907104,-1.9013181924819946,12145619968.0,0.02509087696671486
2.224224222770882e-13,0.9999998807907104,-1.9107130765914917,12133740544.0,0.025091424584388733
2.22672669691025e-13,0.9999998807907104,-1.9201061725616455,12121861120.0,0.025091974064707756
2.2292291710496182e-13,0.9999998807907104,-1.9294995069503784,12109977600.0,0.02509251795709133
2.2317317807142578e-13,0.9999998807907104,-1.9388937950134277,12098100224.0,0.025093067437410355
2.234234254853626e-13,0.9999998807907104,-1.948284387588501,12086218752.0,0.02509361505508423
2.236736728992994e-13,0.9999998807907104,-1.9576832056045532,12074330112.0,0.025094162672758102
2.2392392031323621e-13,0.9999998807907104,-1.9670741558074951,12062454784.0,0.025094708427786827
2.2417416772717302e-13,0.9999998807907104,-1.9764662981033325,12050576384.0,0.025095248594880104
2.24424428693637e-13,0.9999998807907104,-1.9858604669570923,12038696960.0,0.025095796212553978
2.246746761075738e-13,0.9999998807907104,-1.9952558279037476,12026814464.0,0.025096353143453598
2.249249235215106e-13,0.9999998807907104,-2.004650115966797,12014936064.0,0.025096897035837173
2.2517517093544742e-13,0.9999998807907104,-2.014042377471924,12003051520.0,0.025097444653511047
2.254254319019114e-13,0.9999998807907104,-2.0234339237213135,11991173120.0,0.025097990408539772
2.256756793158482e-13,0.9999998807907104,-2.0328283309936523,11979288576.0,0.025098532438278198
2.25925926729785e-13,0.9999998807907104,-2.042219400405884,11967410176.0,0.02509908750653267
2.2617617414372182e-13,0.9999998807907104,-2.0516157150268555,11955525632.0,0.025099635124206543
2.2642642155765863e-13,0.9999998807907104,-2.0610086917877197,11943647232.0,0.02510017901659012
2.266766825241226e-13,0.9999998807907104,-2.0704030990600586,11931763712.0,0.025100726634263992
2.269269299380594e-13,0.9999998807907104,-2.0797951221466064,11919882240.0,0.025101270526647568
2.2717717735199622e-13,0.9999998807907104,-2.089188575744629,11908007936.0,0.02510182000696659
2.2742742476593303e-13,0.9999998807907104,-2.0985825061798096,11896117248.0,0.025102365761995316
2.27677685732397e-13,0.9999998807907104,-2.107978343963623,11884239872.0,0.025102917104959488
2.2792791959380665e-13,0.9999998807907104,-2.117370843887329,11872360448.0,0.025103460997343063
2.281781805602706e-13,0.9999998807907104,-2.126765489578247,11860482048.0,0.02510400488972664
2.284284415267346e-13,0.9999998807907104,-2.1361567974090576,11848594432.0,0.02510455995798111
2.2867867538814424e-13,0.9999998807907104,-2.1455535888671875,11836718080.0,0.025105100125074387
2.289289363546082e-13,0.9999998807907104,-2.1549456119537354,11824846848.0,0.02510564960539341
2.2917917021601786e-13,0.9999998807907104,-2.1643378734588623,11812954112.0,0.025106199085712433
2.294294311824818e-13,0.9999998807907104,-2.1737301349639893,11801071616.0,0.02510674297809601
2.296796921489458e-13,0.9999998807907104,-2.1831247806549072,11789192192.0,0.025107286870479584
2.2992992601035545e-13,0.9999998807907104,-2.1924281120300293,11777431552.0,0.02510771155357361
2.301801869768194e-13,0.9999998807907104,-2.2017011642456055,11765722112.0,0.02510809525847435
2.3043042083822907e-13,0.9999998807907104,-2.2109718322753906,11754012672.0,0.02510847896337509
2.3068068180469303e-13,0.9999998807907104,-2.2202444076538086,11742296064.0,0.025108862668275833
2.30930942771157e-13,0.9999998807907104,-2.2295169830322266,11730585600.0,0.025109250098466873
2.3118117663256665e-13,0.9999998807907104,-2.2387871742248535,11718876160.0,0.025109633803367615
2.314314375990306e-13,0.9999998807907104,-2.2480602264404297,11707157504.0,0.02511000633239746
2.316816714604403e-13,0.9999998807907104,-2.257329225540161,11695455232.0,0.0251103937625885
2.3193193242690424e-13,0.9999998807907104,-2.26660418510437,11683737600.0,0.025110773742198944
2.321821933933682e-13,0.9999998807907104,-2.275879144668579,11672027136.0,0.02511114999651909
2.3243242725477786e-13,0.9999998807907104,-2.2851483821868896,11660309504.0,0.02511153556406498
2.3268268822124183e-13,0.9999998807907104,-2.294421672821045,11648601088.0,0.02511192113161087
2.329329220826515e-13,0.9999998807907104,-2.303694009780884,11636891648.0,0.025112302973866463
2.3318318304911545e-13,0.9999998807907104,-2.3129632472991943,11625175040.0,0.025112686678767204
2.334334440155794e-13,0.9999998807907104,-2.322237491607666,11613470720.0,0.025113079696893692
2.3368367787698907e-13,0.9999998807907104,-2.331507921218872,11601762304.0,0.025113452225923538
2.3393393884345304e-13,0.9999998807907104,-2.340780019760132,11590035456.0,0.025113828480243683
2.341841727048627e-13,0.9999998807907104,-2.3500542640686035,11578326016.0,0.025114215910434723
2.3443443367132666e-13,0.9999998807907104,-2.359328031539917,11566617600.0,0.025114597752690315
2.346846946377906e-13,0.9999998807907104,-2.3685998916625977,11554903040.0,0.02511497773230076
2.349349284992003e-13,0.9999998807907104,-2.377868175506592,11543192576.0,0.02511536329984665
2.3518518946566425e-13,0.9999998807907104,-2.3871428966522217,11531484160.0,0.02511574514210224
2.354354233270739e-13,0.9999998807907104,-2.3964157104492188,11519768576.0,0.02511613816022873
2.3568568429353787e-13,0.9999998807907104,-2.4056873321533203,11508050944.0,0.025116510689258575
2.3593594526000183e-13,0.9999998807907104,-2.4149577617645264,11496345600.0,0.025116896256804466
2.361861791214115e-13,0.9999998807907104,-2.4242308139801025,11484633088.0,0.02511727623641491
2.3643644008787545e-13,0.9999998807907104,-2.433502674102783,11472920576.0,0.025117654353380203
2.366866739492851e-13,0.9999998807907104,-2.4427738189697266,11461203968.0,0.025118043646216393
2.369369349157491e-13,0.9999998807907104,-2.45204758644104,11449501696.0,0.025118418037891388
2.3718719588221304e-13,0.9999998807907104,-2.4613194465637207,11437779968.0,0.025118807330727577
2.374374297436227e-13,0.9999998807907104,-2.4705920219421387,11426070528.0,0.02511918917298317
2.3768769071008666e-13,0.9999998807907104,-2.4798643589019775,11414354944.0,0.025119569152593613
2.379379245714963e-13,0.9999998807907104,-2.4891350269317627,11402645504.0,0.025119949132204056
2.381881855379603e-13,0.9999998807907104,-2.4984052181243896,11390924800.0,0.025120336562395096
2.3843844650442425e-13,0.9999998807907104,-2.507681131362915,11379223552.0,0.025120720267295837
2.386886803658339e-13,0.9999998807907104,-2.516951084136963,11367507968.0,0.02512110024690628
2.3893894133229787e-13,0.9999998807907104,-2.5262231826782227,11355800576.0,0.025121476501226425
2.3918920229876184e-13,0.9999998807907104,-2.5354955196380615,11344082944.0,0.025121865794062614
2.394394361601715e-13,0.9999998807907104,-2.544769525527954,11332374528.0,0.025122251361608505
2.3968969712663546e-13,0.9999998807907104,-2.5540366172790527,11320641536.0,0.025122640654444695
2.399399309880451e-13,0.9999998807907104,-2.563297748565674,11308926976.0,0.025123069062829018
2.401901919545091e-13,0.9999998807907104,-2.572558641433716,11297190912.0,0.025123490020632744
2.4044045292097305e-13,0.9999998807907104,-2.581819772720337,11285462016.0,0.025123920291662216
2.406906867823827e-13,0.9999998807907104,-2.591078996658325,11273738240.0,0.02512434870004654
2.4094094774884667e-13,0.9999998807907104,-2.6003410816192627,11261996032.0,0.025124773383140564
2.411911816102563e-13,0.9999998807907104,-2.6096019744873047,11250284544.0,0.025125201791524887
2.414414425767203e-13,0.9999998807907104,-2.618863582611084,11238546432.0,0.02512562833726406
2.4169170354318426e-13,0.9999998807907104,-2.628124952316284,11226818560.0,0.025126054883003235
2.419419374045939e-13,0.9999998807907104,-2.6373865604400635,11215092736.0,0.02512648142874241
2.421921983710579e-13,0.9999998807907104,-2.6466472148895264,11203367936.0,0.025126907974481583
2.4244243223246753e-13,0.9999998807907104,-2.655909299850464,11191638016.0,0.02512732706964016
2.426926931989315e-13,0.9999998807907104,-2.6651690006256104,11179906048.0,0.025127757340669632
2.4294295416539546e-13,0.9999998807907104,-2.6744322776794434,11168178176.0,0.025128185749053955
2.431931880268051e-13,0.9999998807907104,-2.68369197845459,11156455424.0,0.02512861043214798
2.434434489932691e-13,0.9999998807907104,-2.6929540634155273,11144724480.0,0.025129038840532303
2.4369368285467874e-13,0.9999998807907104,-2.7021265029907227,11133104128.0,0.025129523128271103
2.439439438211427e-13,0.9999998807907104,-2.7111475467681885,11121674240.0,0.02513011358678341
2.4419420478760667e-13,0.9999998807907104,-2.7201650142669678,11110256640.0,0.025130704045295715
2.4444443864901633e-13,0.9999998807907104,-2.729182481765747,11098830848.0,0.02513129450380802
2.446946996154803e-13,0.9999998807907104,-2.73820161819458,11087409152.0,0.025131890550255775
2.4494493347688995e-13,0.9999998807907104,-2.747220039367676,11075982336.0,0.025132477283477783
2.451951944433539e-13,0.9999998807907104,-2.756239414215088,11064559616.0,0.02513306774199009
2.454454554098179e-13,0.9999998807907104,-2.7652571201324463,11053137920.0,0.025133663788437843
2.4569568927122754e-13,0.9999998807907104,-2.774275064468384,11041708032.0,0.0251342561095953
2.459459502376915e-13,0.9999998807907104,-2.783294439315796,11030279168.0,0.025134844705462456
2.4619618409910116e-13,0.9999998807907104,-2.7923121452331543,11018857472.0,0.025135435163974762
2.464464450655651e-13,0.9999998807907104,-2.801332950592041,11007433728.0,0.025136025622487068
2.466967060320291e-13,0.9999998807907104,-2.8103489875793457,10996011008.0,0.025136617943644524
2.4694693989343874e-13,0.9999998807907104,-2.8193700313568115,10984588288.0,0.02513721212744713
2.471972008599027e-13,0.9999998807907104,-2.828385829925537,10973158400.0,0.025137798860669136
2.4744743472131236e-13,0.9999998807907104,-2.8374040126800537,10961732608.0,0.02513839118182659
2.4769769568777633e-13,0.9999998807907104,-2.846426010131836,10950317056.0,0.025138983502984047
2.479479566542403e-13,0.9999998807907104,-2.8554418087005615,10938893312.0,0.025139570236206055
2.4819819051564995e-13,0.9999998807907104,-2.864459991455078,10927457280.0,0.02514016628265381
2.484484514821139e-13,0.9999998807907104,-2.873478889465332,10916032512.0,0.025140754878520966
2.4869868534352357e-13,0.9999998807907104,-2.8824985027313232,10904620032.0,0.02514134906232357
2.4894894630998754e-13,0.9999998807907104,-2.8915178775787354,10893185024.0,0.025141945108771324
2.491992072764515e-13,0.9999998807907104,-2.9005355834960938,10881763328.0,0.025142531841993332
2.4944944113786116e-13,0.9999998807907104,-2.9095559120178223,10870341632.0,0.025143124163150787
2.4969970210432513e-13,0.9999998807907104,-2.9185781478881836,10858946560.0,0.025143660604953766
2.499499630707891e-13,0.9999998807907104,-2.927600622177124,10847554560.0,0.025144174695014954
2.5020019693219875e-13,0.9999998807907104,-2.936624050140381,10836173824.0,0.0251446682959795
2.504504578986627e-13,0.9999998807907104,-2.9456467628479004,10824797184.0,0.02514517493546009
2.5070069176007237e-13,0.9999998807907104,-2.954671859741211,10813417472.0,0.025145677849650383
2.5095095272653634e-13,0.9999998807907104,-2.963696002960205,10802030592.0,0.025146184489130974
2.512012136930003e-13,0.9999998807907104,-2.972719430923462,10790651904.0,0.025146683678030968
2.5145144755440996e-13,0.9999998807907104,-2.981741428375244,10779268096.0,0.025147192180156708
2.517017085208739e-13,0.9999998807907104,-2.99076771736145,10767888384.0,0.0251476913690567
2.519519423822836e-13,0.9999998807907104,-2.999790906906128,10756505600.0,0.025148198008537292
2.5220220334874754e-13,0.9999998807907104,-3.008812427520752,10745123840.0,0.025148704648017883
2.524524643152115e-13,0.9999998807907104,-3.017838954925537,10733728768.0,0.025149205699563026
2.5270269817662117e-13,0.9999998807907104,-3.026864767074585,10722350080.0,0.025149714201688766
2.5295295914308513e-13,0.9999998807907104,-3.035888910293579,10710970368.0,0.02515021525323391
2.532031930044948e-13,0.9999998807907104,-3.045048236846924,10699537408.0,0.025150597095489502
2.5345345397095875e-13,0.9999998807907104,-3.0543336868286133,10688070656.0,0.025150861591100693
2.537037149374227e-13,0.9999998807907104,-3.0636210441589355,10676602880.0,0.025151122361421585
2.5395394879883237e-13,0.9999998807907104,-3.072908639907837,10665136128.0,0.025151392444968224
2.5420420976529634e-13,0.9999998807907104,-3.082193613052368,10653663232.0,0.025151651352643967
2.54454443626706e-13,0.9999998807907104,-3.091481924057007,10642200576.0,0.02515193074941635
2.5470470459316996e-13,0.9999998807907104,-3.1007657051086426,10630729728.0,0.025152187794446945
2.5495496555963393e-13,0.9999998807907104,-3.1100552082061768,10619257856.0,0.025152456015348434
2.552051994210436e-13,0.9999998807907104,-3.1193435192108154,10607776768.0,0.025152720510959625
2.5545546038750755e-13,0.9999998807907104,-3.1286284923553467,10596318208.0,0.025152985006570816
2.557056942489172e-13,0.9999998807907104,-3.137916088104248,10584844288.0,0.025153251364827156
2.5595595521538117e-13,0.9999998807907104,-3.147200107574463,10573379584.0,0.025153523311018944
2.5620621618184514e-13,0.9999998807907104,-3.1564903259277344,10561909760.0,0.025153780356049538
2.564564500432548e-13,0.9999998807907104,-3.165775775909424,10550436864.0,0.02515404485166073
2.5670671100971876e-13,0.9999998807907104,-3.1750621795654297,10538969088.0,0.025154313072562218
2.569569448711284e-13,0.9999998807907104,-3.1843490600585938,10527501312.0,0.025154583156108856
2.572072058375924e-13,0.9999998807907104,-3.193634033203125,10516032512.0,0.025154847651720047
2.5745746680405635e-13,0.9999998807907104,-3.2029237747192383,10504559616.0,0.025155114009976387
2.57707700665466e-13,0.9999998807907104,-3.21203875541687,10493275136.0,0.02515537105500698
2.5795796163192997e-13,0.9999998807907104,-3.2211384773254395,10482012160.0,0.025155629962682724
2.582081954933396e-13,0.9999998807907104,-3.2302334308624268,10470754304.0,0.025155894458293915
2.584584564598036e-13,0.9999998807907104,-3.2393290996551514,10459486208.0,0.02515615150332451
2.5870871742626755e-13,0.9999998807907104,-3.248425245285034,10448223232.0,0.025156410411000252
2.589589512876772e-13,0.9999998807907104,-3.257519245147705,10436962304.0,0.025156667456030846
2.5920921225414117e-13,0.9999998807907104,-3.2666175365448,10425690112.0,0.025156937539577484
2.5945944611555083e-13,0.9999998807907104,-3.275712251663208,10414435328.0,0.02515718713402748
2.597097070820148e-13,0.9999998807907104,-3.28480863571167,10403176448.0,0.025157446041703224
2.5995996804847876e-13,0.9999998807907104,-3.2939062118530273,10391908352.0,0.025157704949378967
2.602102019098884e-13,0.9999998807907104,-3.3029978275299072,10380649472.0,0.02515796758234501
2.604604628763524e-13,0.9999998807907104,-3.312093734741211,10369384448.0,0.025158222764730453
2.6071072384281635e-13,0.9999998807907104,-3.321190118789673,10358120448.0,0.025158481672406197
2.60960957704226e-13,0.9999998807907104,-3.330286741256714,10346854400.0,0.025158748030662537
2.6121121867068997e-13,0.9999998807907104,-3.339385509490967,10335598592.0,0.02515900321304798
2.614614525320996e-13,0.9999998807907104,-3.3484766483306885,10324323328.0,0.02515925094485283
2.617117134985636e-13,0.9999998807907104,-3.3575713634490967,10313075712.0,0.025159519165754318
2.6196197446502756e-13,0.9999998807907104,-3.366669178009033,10301807616.0,0.02515977993607521
2.622122083264372e-13,0.9999998807907104,-3.375765800476074,10290542592.0,0.025160036981105804
2.624624692929012e-13,0.9999998807907104,-3.3848612308502197,10279275520.0,0.0251602940261364
2.6271270315431083e-13,0.9999998807907104,-3.3939590454101562,10268014592.0,0.025160551071166992
2.629629641207748e-13,0.9999998807907104,-3.4030532836914062,10256754688.0,0.025160815566778183
2.6321322508723877e-13,0.9999998807907104,-3.412147283554077,10245496832.0,0.025161076337099075
2.634634589486484e-13,0.9999998807907104,-3.4212446212768555,10234226688.0,0.02516132779419422
2.637137199151124e-13,0.9999998807907104,-3.4303417205810547,10222974976.0,0.025161590427160263
2.6396395377652204e-13,0.9999998807907104,-3.439434289932251,10211703808.0,0.025161847472190857
2.64214214742986e-13,0.9999998807907104,-3.4485325813293457,10200442880.0,0.02516210824251175
2.6446447570945e-13,0.9999998807907104,-3.457628011703491,10189176832.0,0.02516236901283264
2.6471470957085963e-13,0.9999998807907104,-3.466721534729004,10177916928.0,0.025162626057863235
2.649649705373236e-13,0.9999998807907104,-3.4758193492889404,10166653952.0,0.025162886828184128
2.6521520439873325e-13,0.9999998807907104,-3.4849140644073486,10155385856.0,0.02516314387321472
2.654654653651972e-13,0.9999998807907104,-3.494009256362915,10144128000.0,0.025163406506180763
2.657157263316612e-13,0.9999998807907104,-3.503106117248535,10132861952.0,0.025163661688566208
2.6596596019307084e-13,0.9999998807907104,-3.5122008323669434,10121596928.0,0.0251639224588871
2.662162211595348e-13,0.9999998807907104,-3.5212981700897217,10110337024.0,0.025164181366562843
2.6646645502094446e-13,0.9999998807907104,-3.5303921699523926,10099079168.0,0.025164440274238586
2.6671671598740843e-13,0.9999998807907104,-3.539490222930908,10087817216.0,0.02516470104455948
2.669669769538724e-13,0.9999998807907104,-3.5485849380493164,10076550144.0,0.025164954364299774
2.6721721081528205e-13,0.9999998807907104,-3.55768084526062,10065287168.0,0.02516520768404007
2.67467471781746e-13,0.9999998807907104,-3.566775321960449,10054022144.0,0.025165479630231857
2.6771770564315567e-13,0.9999998807907104,-3.575873613357544,10042752000.0,0.025165732949972153
2.6796796660961963e-13,0.9999998807907104,-3.5849688053131104,10031500288.0,0.025165997445583344
2.682182275760836e-13,0.9999998807907104,-3.594064235687256,10020243456.0,0.025166252627968788
2.6846846143749326e-13,0.9999998807907104,-3.603158473968506,10008967168.0,0.025166507810354233
2.687187224039572e-13,0.9999998807907104,-3.612253189086914,9997714432.0,0.025166774168610573
2.689689562653669e-13,0.9999998807907104,-3.621347427368164,9986451456.0,0.025167027488350868
2.6921921723183084e-13,0.9999998807907104,-3.6304445266723633,9975181312.0,0.025167282670736313
2.694694781982948e-13,0.9999998807907104,-3.6393229961395264,9964599296.0,0.025167249143123627
2.6971971205970446e-13,0.9999998807907104,-3.6481592655181885,9954135040.0,0.025167159736156464
2.6996997302616843e-13,0.9999998807907104,-3.65700101852417,9943659520.0,0.0251670740544796
2.702202068875781e-13,0.9999998807907104,-3.665834903717041,9933193216.0,0.02516699582338333
2.7047046785404205e-13,0.9999998807907104,-3.674677848815918,9922721792.0,0.02516690455377102
2.70720728820506e-13,0.9999998807907104,-3.683516502380371,9912278016.0,0.025166796520352364
2.7097096268191567e-13,0.9999998807907104,-3.6923716068267822,9902069760.0,0.02516651153564453
2.7122122364837964e-13,0.9999998807907104,-3.701080083847046,9892287488.0,0.025166427716612816
2.714714846148436e-13,0.9999998807907104,-3.7097558975219727,9882603520.0,0.02516639046370983
2.7172171847625326e-13,0.9999998807907104,-3.718430995941162,9872925696.0,0.025166362524032593
2.7197197944271723e-13,0.9999998807907104,-3.727102518081665,9863251968.0,0.025166330859065056
2.722222133041269e-13,0.9999998807907104,-3.73577618598938,9853569024.0,0.02516629733145237
2.7247247427059085e-13,0.9999998807907104,-3.7444512844085693,9843888128.0,0.025166263803839684
2.727227352370548e-13,0.9999998807907104,-3.7531259059906006,9834221568.0,0.025166232138872147
2.7297296909846447e-13,0.9999998807907104,-3.761798620223999,9824543744.0,0.02516620233654976
2.7322323006492844e-13,0.9999998807907104,-3.7704734802246094,9814863872.0,0.025166168808937073
2.734734639263381e-13,0.9999998807907104,-3.779147148132324,9805189120.0,0.025166133418679237
2.7372372489280206e-13,0.9999998807907104,-3.7878236770629883,9795503104.0,0.025166116654872894
2.73973985859266e-13,0.9999998807907104,-3.796499013900757,9785806848.0,0.025166139006614685
2.742242197206757e-13,0.9999998807907104,-3.805176019668579,9776101376.0,0.025166163221001625
2.7447448068713964e-13,0.9999998807907104,-3.8138532638549805,9766406144.0,0.025166181847453117
2.747247145485493e-13,0.9999998807907104,-3.822528123855591,9756696576.0,0.025166207924485207
2.7497497551501326e-13,0.9999998807907104,-3.8312041759490967,9746996224.0,0.02516622468829155
2.7522523648147723e-13,0.9999998807907104,-3.8398799896240234,9737310208.0,0.025166239589452744
2.754754703428869e-13,0.9999998807907104,-3.8485546112060547,9727601664.0,0.025166263803839684
2.7572573130935085e-13,0.9999998807907104,-3.8572306632995605,9717910528.0,0.025166288018226624
2.759759651707605e-13,0.9999998807907104,-3.8659074306488037,9708207104.0,0.025166306644678116
2.7622622613722447e-13,0.9999998807907104,-3.8745830059051514,9698506752.0,0.02516631968319416
2.7647648710368844e-13,0.9999998807907104,-3.883260488510132,9688815616.0,0.025166340172290802
2.767267209650981e-13,0.9999998807907104,-3.8919358253479004,9679118336.0,0.025166364386677742
2.7697698193156206e-13,0.9999998807907104,-3.9006121158599854,9669415936.0,0.025166384875774384
2.772272157929717e-13,0.9999998807907104,-3.9092893600463867,9659714560.0,0.025166407227516174
2.774774767594357e-13,0.9999998807907104,-3.917963743209839,9650015232.0,0.025166425853967667
2.7772773772589965e-13,0.9999998807907104,-3.9266421794891357,9640311808.0,0.025166448205709457
2.779779715873093e-13,0.9999998807907104,-3.935317277908325,9630609408.0,0.02516646683216095
2.7822823255377327e-13,0.9999998807907104,-3.9439914226531982,9620912128.0,0.02516649290919304
2.784784664151829e-13,0.9999998807907104,-3.9526662826538086,9611212800.0,0.025166518986225128
2.787287273816469e-13,0.9999998807907104,-3.9613449573516846,9601519616.0,0.025166532024741173
2.7897898834811086e-13,0.9999998807907104,-3.9700217247009277,9591819264.0,0.025166548788547516
2.792292222095205e-13,0.9999998807907104,-3.9786949157714844,9582119936.0,0.025166574865579605
2.794794831759845e-13,0.9999998807907104,-3.987372398376465,9572421632.0,0.025166597217321396
2.7972971703739413e-13,0.9999998807907104,-3.9960474967956543,9562725376.0,0.025166615843772888
2.799799780038581e-13,0.9999998807907104,-4.004724979400635,9553013760.0,0.025166640058159828
2.8023023897032207e-13,0.9999998807907104,-4.013400554656982,9543317504.0,0.02516665682196617
2.804804728317317e-13,0.9999998807907104,-4.0220255851745605,9533689856.0,0.02516668662428856
2.807307337981957e-13,0.9999998807907104,-4.030645847320557,9524074496.0,0.025166722014546394
2.8098096765960534e-13,0.9999998807907104,-4.039140224456787,9514438656.0,0.025166817009449005
2.812312286260693e-13,0.9999998807907104,-4.047430515289307,9504812032.0,0.025167040526866913
2.8148148959253327e-13,0.9999998807907104,-4.055720806121826,9495173120.0,0.025167254731059074
2.8173172345394293e-13,0.9999998807907104,-4.064008712768555,9485544448.0,0.025167472660541534
2.819819844204069e-13,0.9999998807907104,-4.072299480438232,9475915776.0,0.025167688727378845
2.8223224538687086e-13,0.9999998807907104,-4.08059024810791,9466281984.0,0.02516791597008705
2.824824792482805e-13,0.9999998807907104,-4.0888824462890625,9456637952.0,0.025168132036924362
2.827327402147445e-13,0.9999998807907104,-4.09717321395874,9447005184.0,0.02516835369169712
2.8298297407615414e-13,0.9999998807907104,-4.105462074279785,9437370368.0,0.02516857348382473
2.832332350426181e-13,0.9999998807907104,-4.113753318786621,9427736576.0,0.025168782100081444
2.8348349600908207e-13,0.9999998807907104,-4.122045040130615,9418102784.0,0.0251690074801445
2.837337298704917e-13,0.9999998807907104,-4.130332946777344,9408466944.0,0.02516922540962696
2.839839908369557e-13,0.9999998807907104,-4.138624668121338,9398838272.0,0.025169450789690018
2.8423422469836535e-13,0.9999998807907104,-4.146915435791016,9389203456.0,0.02516966126859188
2.844844856648293e-13,0.9999998807907104,-4.155203819274902,9379564544.0,0.02516988292336464
2.847347466312933e-13,0.9999998807907104,-4.163390159606934,9370012672.0,0.0251699797809124
2.8498498049270293e-13,0.9999998807907104,-4.171526908874512,9360505856.0,0.025170020759105682
2.852352414591669e-13,0.9999998807907104,-4.1796722412109375,9350994944.0,0.025170059874653816
2.8548547532057655e-13,0.9999998807907104,-4.187805652618408,9341490176.0,0.025170093402266502
2.857357362870405e-13,0.9999998807907104,-4.195945739746094,9331973120.0,0.025170138105750084
2.859859972535045e-13,0.9999998807907104,-4.2040839195251465,9322471424.0,0.02517017349600792
2.8623623111491414e-13,0.9999998807907104,-4.21222448348999,9312958464.0,0.025170212611556053
2.864864920813781e-13,0.9999998807907104,-4.220363616943359,9303441408.0,0.025170251727104187
2.8673672594278776e-13,0.9999998807907104,-4.2285027503967285,9293929472.0,0.02517029643058777
2.8698698690925173e-13,0.9999998807907104,-4.236639022827148,9284423680.0,0.025170329958200455
2.872372478757157e-13,0.9999998807907104,-4.244776725769043,9274904576.0,0.02517036721110344
2.8748748173712535e-13,0.9999998807907104,-4.252869606018066,9265340416.0,0.025170383974909782
2.877377427035893e-13,0.9999998807907104,-4.260886192321777,9255658496.0,0.025170374661684036
2.8798797656499897e-13,0.9999998807907104,-4.268898963928223,9245972480.0,0.025170352309942245
2.8823823753146294e-13,0.9999998807907104,-4.276912689208984,9236301824.0,0.02517033740878105
2.884884984979269e-13,0.9999998807907104,-4.284929275512695,9226621952.0,0.025170324370265007
2.8873873235933656e-13,0.9999998807907104,-4.292943954467773,9216963584.0,0.025170303881168365
2.889889933258005e-13,0.9999998807907104,-4.300960540771484,9207271424.0,0.025170285254716873
2.892392271872102e-13,0.9999998807907104,-4.308975696563721,9197588480.0,0.02517026849091053
2.8948948815367415e-13,0.9999998807907104,-4.316989898681641,9187917824.0,0.02517024800181389
2.897397491201381e-13,0.9999998807907104,-4.325006008148193,9178245120.0,0.025170229375362396
2.8998998298154777e-13,0.9999998807907104,-4.333021640777588,9168566272.0,0.0251702181994915
2.9024024394801173e-13,0.9999998807907104,-4.341034889221191,9158883328.0,0.02517019771039486
2.904904778094214e-13,0.9999998807907104,-4.349007606506348,9149376512.0,0.025170302018523216
2.9074073877588535e-13,0.9999998807907104,-4.356896877288818,9140175872.0,0.025170614942908287
2.909909997423493e-13,0.9999998807907104,-4.3647871017456055,9130972160.0,0.025170927867293358
2.91241233603759e-13,0.9999998807907104,-4.372677326202393,9121785856.0,0.025171229615807533
2.9149149457022294e-13,0.9999998807907104,-4.3805646896362305,9112574976.0,0.02517155185341835
2.917417284316326e-13,0.9999998807907104,-4.388458251953125,9103375360.0,0.02517186850309372
2.9199198939809656e-13,0.9999998807907104,-4.396346569061279,9094182912.0,0.02517218142747879
2.9224225036456053e-13,1.0,-4.40423583984375,9084985344.0,0.025172490626573563
2.924924842259702e-13,1.0,-4.412125587463379,9075781632.0,0.025172803550958633
2.9274274519243415e-13,1.0,-4.420014381408691,9066578944.0,0.0251731239259243
2.929930061588981e-13,1.0,-4.427907466888428,9057379328.0,0.025173429399728775
2.9324324002030777e-13,1.0,-4.436026096343994,9048080384.0,0.02517370879650116
2.9349350098677174e-13,1.0,-4.444150924682617,9038767104.0,0.025173988193273544
2.937437348481814e-13,1.0,-4.452275276184082,9029465088.0,0.025174254551529884
2.9399399581464536e-13,1.0,-4.460402011871338,9020160000.0,0.02517453208565712
2.9424425678110933e-13,1.0,-4.4685235023498535,9010844672.0,0.025174815207719803
2.94494490642519e-13,1.0,-4.476646900177002,9001543680.0,0.02517508715391159
2.9474475160898295e-13,1.0,-4.484771728515625,8992229376.0,0.025175360962748528
2.949949854703926e-13,1.0,-4.492896556854248,8982926336.0,0.025175631046295166
2.9524524643685657e-13,1.0,-4.501020431518555,8973614080.0,0.025175904855132103
2.9549550740332053e-13,1.0,-4.509143829345703,8964305920.0,0.025176186114549637
2.957457412647302e-13,1.0,-4.517269134521484,8954993664.0,0.025176461786031723
2.9599600223119416e-13,1.0,-4.525391578674316,8945689600.0,0.02517673186957836
2.962462360926038e-13,1.0,-4.533513069152832,8936385536.0,0.025177020579576492
2.964964970590678e-13,1.0,-4.5416388511657715,8927075328.0,0.02517729066312313
2.9674675802553174e-13,1.0,-4.5497636795043945,8917755904.0,0.02517756074666977
2.969969918869414e-13,1.0,-4.557887554168701,8908464128.0,0.025177838280797005
2.9724725285340536e-13,1.0,-4.566014766693115,8899152896.0,0.02517811208963394
2.97497486714815e-13,1.0,-4.574135780334473,8889840640.0,0.025178389623761177
2.97747747681279e-13,1.0,-4.582260608673096,8880543744.0,0.025178657844662666
2.9799800864774295e-13,1.0,-4.5903849601745605,8871233536.0,0.0251789353787899
2.982482425091526e-13,1.0,-4.598511695861816,8861915136.0,0.025179218500852585
2.9849850347561657e-13,1.0,-4.606633186340332,8852617216.0,0.025179484859108925
2.9874873733702623e-13,1.0,-4.614757061004639,8843302912.0,0.025179767981171608
2.989989983034902e-13,1.0,-4.6228837966918945,8834002944.0,0.025180038064718246
2.9924925926995416e-13,1.0,-4.631008625030518,8824691712.0,0.025180315598845482
2.994994931313638e-13,1.0,-4.639133930206299,8815380480.0,0.02518058754503727
2.997497540978278e-13,1.0,-4.647257328033447,8806068224.0,0.025180861353874207
2.9999998795923744e-13,1.0,-4.655379295349121,8796766208.0,0.02518114261329174
